,sigma_C1,sigma_C2,sigma_F1,sigma_F2,sigma_H1,epsilon_C1,epsilon_C2,epsilon_F1,epsilon_F2,epsilon_H1,sim_liq_density_229K,sim_liq_density_249K,sim_liq_density_269K,sim_liq_density_289K,sim_liq_density_309K,sim_vap_density_229K,sim_vap_density_249K,sim_vap_density_269K,sim_vap_density_289K,sim_vap_density_309K,sim_Pvap_229K,sim_Pvap_249K,sim_Pvap_269K,sim_Pvap_289K,sim_Pvap_309K,sim_Hvap_229K,sim_Hvap_249K,sim_Hvap_269K,sim_Hvap_289K,sim_Hvap_309K,sim_Tc,sim_rhoc,mse_liq_density,mse_vap_density,mse_Pvap,mse_Hvap,mse_Tc,mse_rhoc,mape_liq_density,mape_vap_density,mape_Pvap,mape_Hvap,mape_Tc,mape_rhoc,is_pareto
1,0.028060089236586212,0.8998644770381694,0.7547155299274146,0.1213148229918351,0.590105259317583,0.8422334892006811,0.9613512097953633,0.20657709569666294,0.2963400610644701,0.9820534800298388,1523.7583642222219,1442.791681655555,1354.8836613888886,1258.6381947333332,1125.5897148222225,9.734524745944444,19.891150853888885,39.060026019777766,75.80467062711114,125.22180009899999,1.4656305139555554,3.1375883118444445,6.287342101333332,11.8745513607,18.8447788044,161.50397864056328,149.497989873964,135.9696356475982,118.87714479684378,98.40835329032122,339.68958155357154,574.9611646544424,273.58908132777896,9.31075546625717,0.3374773908118991,0.7287582502892167,0.0838574761689215,9.370729041607765,1.1703067617445555,8.15222187254023,9.104272879419199,0.5853614986762375,0.08532161271996629,0.5352622231932944,True
5,0.08565728178503153,0.9344841993249899,0.6288515829620602,0.2943067970796312,0.5116892584363967,0.5991170248702691,0.9215825649219651,0.22955262678909225,0.2961958963412752,0.941107534790053,1506.6300498444446,1427.4646470666669,1343.1453759222222,1245.709809111111,1127.097111008889,8.420972070833333,18.75846641344445,38.184057914666674,72.19036883355555,131.35473919922225,1.2768570193222224,2.9757800830777783,6.1717656359,11.493794372944446,19.23770975658888,161.58868139482476,149.74582438205644,136.152622737028,119.72755150079766,98.19331994302802,340.5098062958428,577.2079037576057,28.70325581192667,6.273797166325595,0.2976028844379118,0.8613321484828017,1.2316700142923518,28.173842300004562,0.37062462372080857,2.7969754756419403,4.27500529533442,0.6678655819559053,0.32699065876335176,0.9281174606759375,True
7,0.11020460801770496,0.9294257527001228,0.20687376691411935,0.6018309421818054,0.783982110519213,0.5768735074366531,0.8124481837387102,0.214292407744999,0.334908370936509,0.973846714224356,1497.234126277778,1421.592575111111,1335.8107212666666,1245.7678932666668,1125.7928712366663,8.177804503955555,18.824044668111114,35.19995621855555,70.89885115511112,122.41475266411112,1.2422839343755556,2.9844594477888893,5.734380997733333,11.300147781922224,18.513042596944445,163.82524609167308,151.87152751504453,138.5243521889647,121.89484561378015,101.05310480176882,342.49353962590214,570.9200441176253,27.790829851080098,4.446210396072588,0.06670220048350464,9.258806840821524,9.56998741702692,0.9603135314008254,0.398003147452892,2.46647081208498,2.4185156263103256,2.3940563994989126,0.9114730777555001,0.17135091491077545,True
8,0.12024327764232903,0.9126203197893992,0.4822085008811802,0.29480776152192995,0.7998177510138469,0.24974235382266385,0.37158531748852514,0.8822743205006742,0.6115182569387881,0.43480431912182393,1507.9127726555555,1429.2637201555558,1342.5767840444444,1244.3569045333334,1114.8398991677775,8.832107605455557,20.344898968444443,39.51500608855555,77.07190315444444,132.98429170000003,1.3395072142711109,3.2123694655444446,6.3771022729555575,12.149542335622225,19.784444115188887,162.4255946411077,150.15931765748675,136.24733267225656,118.86134894263782,97.19392749364448,338.6759214702489,575.7557284386621,16.445964821721848,21.25120547863772,0.8824121728719462,0.20573961303880467,0.5242897172464688,14.866641792707988,0.2764572282045943,7.886764474891242,9.419474310129395,0.3467656841073856,0.21334075714527648,0.6741962648473755,True
13,0.17977744835643297,0.366612656612117,0.844564905329512,0.20732597940602143,0.23853589738953204,0.671150918681135,0.8639817770532303,0.4357117957359989,0.803719964186993,0.8582276202129138,1497.4577630333333,1420.032652833333,1334.638682088889,1238.0496624555556,1123.2400238555554,7.140465750266667,16.868560075555557,36.07143442522222,67.08951876788888,120.07705227877778,1.0856913831333332,2.687558806977778,5.826885923888888,10.707486584855554,18.08643393012223,168.13814272429263,155.47028647150884,140.73349406963413,124.08056285786303,102.88845774997878,341.9135332215856,566.7938333505044,23.99827465494321,10.507249650707537,0.024297422681646096,32.88075374494118,6.317849256014719,26.0729378524206,0.3626540335974002,6.751713154199327,4.6782063326637635,4.480986322474587,0.7405813852638912,0.8928425685426733,True
17,0.23216275355955557,0.8715313098532753,0.5757185422115421,0.3283037656260404,0.10414461525478894,0.799133560208199,0.05552614567723,0.8845518510541251,0.441847201298718,0.6488003759370049,1504.018155477778,1420.5083117000001,1331.0740855444442,1232.2598836555553,1104.1710231555558,8.947763372366666,19.876240235,39.05060442888888,75.63400036433335,135.5003127922222,1.3502051694222224,3.1332852910999995,6.2933137006777775,11.879157847688887,19.752690984877773,161.83290966750118,149.42610571128543,135.5204331914873,118.00178573395756,95.62912776597258,337.15230041129394,571.4019059952985,79.54344757577992,24.616928043034285,0.7130987478387689,0.32248997167273663,5.052153441069306,0.24809763751952094,0.6464634053277187,7.3992921463983095,8.231389367990785,0.4001786163652714,0.6622568028008371,0.08709459777958435,True
18,0.2356242239417889,0.10626566480376134,0.5825490357443188,0.38877886996501104,0.3687221097038489,0.9801204705780412,0.7133756640026361,0.9116013977819268,0.551275249991668,0.8408671443548559,1513.3663815777775,1433.744812622222,1346.8153345888886,1245.3325202111114,1128.7102862477775,8.1406705213,18.150545717111108,36.293017186777774,67.28706380622222,123.94815296799999,1.2336230201944447,2.8772024782222223,5.897790838255554,10.794830122688888,18.554873333533333,168.28768853334344,155.42494567316604,141.5518903085894,124.17245437608678,102.1653327387153,340.7960044547419,570.668987219466,76.65200899760991,2.6082414552177076,0.01921095030223976,33.47982041017582,1.9488284376592262,1.5153924658380542,0.6259929116257767,2.1372317386001085,0.7366297028010083,4.480039895533518,0.41131539621152,0.21524965562755757,True
22,0.2508433215590123,0.7659093966263183,0.6086268210660492,0.3351109687041595,0.4577655053820696,0.9268962651649364,0.6358099165389132,0.04715318246217814,0.5832364505366541,0.25778989802988295,1523.4180327,1443.7528645888888,1356.4032395,1261.0476952,1139.6377638333333,8.696419589088888,19.330899912333336,39.35424613466667,79.08997710955556,141.00477040222222,1.3153129874066665,3.0619960031555555,6.349184672288889,12.293256219377776,20.342456830707782,162.4059882809361,150.39500531498555,136.87340253578918,118.73065507613771,97.09824502851774,339.3920001321881,591.0294811081596,386.53302076420744,61.18296522255666,1.347809609972025,0.456203007594559,6.39978850072553e-05,365.9370474674376,1.4920594711666042,8.222349929921089,8.776502449976608,0.42630671920490354,0.0023570618184623896,3.3448996517152767,True
23,0.2616550070124752,0.3707978529938411,0.7015535411129444,0.29429824046010605,0.3891749868288376,0.35932449280660594,0.6868577926310842,0.6874301324189002,0.8305796821348205,0.9088968899425919,1498.5003854333331,1422.7139775444446,1334.9892020555556,1241.7917997555558,1127.6618427777776,7.981039874055555,19.03747481855556,34.68540785455556,66.49746957777776,125.696555338,1.2121469110244445,2.9979388919,5.644631032,10.649150885233333,18.502079216844443,168.4429465660432,155.90316984209147,141.85765859208195,124.70872178346184,102.64213736012594,342.16640079550825,570.9426422761122,28.443916264038176,3.540804310143943,0.03642082338201582,38.099433381437805,7.652973361388818,0.9165338114875397,0.3470195045908503,3.4905559350912068,2.562397016018916,4.797267143684084,0.8150856792894153,0.16739949709525326,True
24,0.26280586254407495,0.8658825116136151,0.66917564799262,0.20235122423777813,0.628620731903691,0.363304862106451,0.6847918777294969,0.9875657126082098,0.05839536555817898,0.455701433339146,1498.2092479444445,1422.560561933333,1337.6043553222225,1234.5037986555556,1117.39124508,7.502853171799999,20.251219345,41.146594438,70.56242206533335,130.34605430255556,1.1441908436733337,3.201861410033333,6.5786263561555565,11.327309673522224,19.386985899677782,160.7422330680201,148.29169139154777,134.52916079768977,118.49376877169897,97.39775787671454,339.8097275435375,572.2878940730102,14.472527162474425,6.866654027510418,0.41371804222714914,1.1504254759673804,0.16787665993330858,0.15046181187645466,0.24723206269754947,6.484631377391019,7.900423965753564,0.6722049592484298,0.12072113834341257,0.06782550673373244,True
25,0.29643037222334806,0.28115018495945393,0.8566865510575324,0.17089035891779153,0.14188375017134292,0.77234255558885,0.3877109652775999,0.6187561663634328,0.9331165586285107,0.23499413360739613,1492.3185759777778,1415.1460467444442,1328.5593321888887,1227.8199115444445,1112.8066017788888,8.015566705422223,18.511038166888888,36.40683453422222,66.98304496477779,130.6803281675555,1.2163744891833332,2.928364106544444,5.889090821222223,10.705890684322226,19.097743067323336,166.30271802397178,153.85998028485122,139.8701775838982,122.82029454949168,99.7188493900121,339.92726008663794,568.0160255775917,108.21414685773775,5.1890986431795,0.14736598642424031,16.031818386873674,0.27800319896147563,15.085257313921892,0.7543785811781883,2.3544135644556654,1.737953395214615,3.0439450040863836,0.15535064426575315,0.6791352373506383,True
27,0.32825995594615304,0.8557120944230459,0.6089722059963012,0.39723130728178263,0.21154598681064887,0.04559473745841047,0.8648180969659921,0.015594263641013031,0.8500126984392659,0.37759727902868706,1479.8256604111111,1407.1800045444445,1318.4905388,1224.963149188889,1101.5453268044444,8.522619052888889,19.565660254444442,38.28765779677777,71.41157870411111,126.85213094344444,1.2892314246177776,3.088252756155556,6.176116241944445,11.291666882144446,18.826518933766664,161.66267666868592,150.4465709477394,136.15142386964473,119.69413003229316,98.03577241137631,340.1290741139224,564.0312162472532,364.60365068525454,1.0795030963945886,0.1294867429441246,0.8247216879209521,0.5315490635917653,61.91775774749236,1.4302654054476394,3.03651809607991,4.439529019948285,0.6994251146436509,0.21481264405492703,1.3759020375497155,True
29,0.3588012625836346,0.3853962569900111,0.9334316631851755,0.04057318656564751,0.1015898924101202,0.5980524517662822,0.672772089039643,0.9196457559770378,0.2194821188340711,0.886333133478854,1508.558893111111,1426.089016977778,1342.8335834666666,1242.7861040555556,1121.800111107778,8.573388519988889,18.03346059788889,36.95440331477778,70.19376426122224,126.18834430388887,1.294212291167778,2.865612924277777,5.97474002388889,11.083953137722222,18.8510005165,164.47842431740742,151.84721394242504,138.38590532829673,121.080616197727,99.33070663162323,340.26833460102625,570.9281572648453,15.588700056211218,0.1689560070849811,0.08703054098438665,6.237890599912781,0.7540049793394631,0.9444783018730138,0.23050401591794642,1.8383627830614881,2.5294465991531583,1.9573218226173834,0.2558440191591858,0.1699322845173498,True
38,0.4324548568735327,0.9601520606107363,0.3856422801292339,0.47484303521019205,0.4676728455954289,0.332987497932418,0.5390293099517249,0.26328551809994993,0.4927908577115171,0.236233353117019,1497.5970067222222,1423.3332509000002,1337.9477954666665,1244.5008435222219,1127.3231828111109,8.251915156211112,18.596990417666664,35.68872500611111,67.10973508711112,119.00293877188886,1.2516432969588889,2.952819461877778,5.810713189322223,10.758159595277776,18.27256003485555,162.78927313623217,150.95749944232674,138.0254005904583,121.6500001677268,101.73404496926577,343.130753899793,567.5903970743528,24.876165225034566,12.903042104757045,0.004057981723620891,8.592316049756471,13.918524660820685,18.572677376746398,0.34382852019962606,3.0007499653153533,1.0893677392724754,2.1701240853274695,1.0992203593968772,0.7535588259568353,True
40,0.44575353335421797,0.8070408592855951,0.0006703854078796145,0.6756035678210484,0.5396314673113548,0.6729597141964121,0.197965984415645,0.14321992961204785,0.6576750260307177,0.643074947597293,1499.5117427888888,1425.3974935,1342.6675071111113,1245.0614345111112,1121.0814885566667,8.590408889444447,18.779283849444443,39.17660111677779,69.064185735,121.75533688733331,1.2981997119133335,2.9746294034222216,6.288781106299999,11.023949641255557,18.33322069241111,164.19675582440573,152.354820051984,138.33471820094158,122.27113687841401,100.84937693215485,341.93627665945445,568.6576042467117,6.447638903275251,5.229338833749273,0.037519503314619125,9.968195280918609,6.432699293293537,10.513130220941953,0.17801651385787065,3.1796940699296186,3.148384243871706,2.497821937813528,0.7472824571168157,0.5669515218199498,True
47,0.5064887420840926,0.48241094394639816,0.9391432252002893,0.08580319126454322,0.4414467118833069,0.8818704569632763,0.980103611255298,0.46505594612600526,0.04833024121278083,0.21625483752649594,1488.838049533333,1413.2557379999996,1321.707819377778,1227.145290811111,1104.9653733066666,9.146735024244443,20.73146469522223,39.912975401,75.80700469366666,135.8850907044444,1.3805656945222224,3.2738041270666662,6.4256410685555565,11.840020940855556,19.782680895055552,159.41122212830356,147.42904038481458,133.8535676702467,116.99545689720782,95.09858494566294,338.4019428369758,571.776254228595,206.35653620306553,27.891817651138968,0.7564888005514954,4.145836389397819,0.9961181006638288,0.01531301594061101,1.0806248731546169,9.38158591683977,10.096453073756587,1.4910233770161563,0.29406516294170804,0.021637658927254708,True
48,0.5095848025034118,0.22453529934822808,0.67266243172615,0.33688653413061515,0.1502871715365816,0.5781377051252341,0.7310265389703623,0.9924237304843855,0.343673447549462,0.23954914389106094,1494.327270011111,1415.985171011111,1332.2545797333335,1228.2135299666668,1112.4740494933333,8.416885392344447,19.060395362888887,39.43849778055557,67.94563255344445,123.41560600311114,1.2758134426611112,3.012176884111111,6.3187493235000005,10.8713259737,18.56756748365555,164.38011502536799,151.92331038601907,137.87592459851913,121.53638541082445,100.26289906674492,340.3215510186979,564.2267932366835,82.08339674614353,3.4194674693040654,0.05449475369591883,7.360218085061831,0.849256280063185,58.878102032605206,0.6603236066099613,3.2584298869967534,3.1206955813448705,2.149857693616116,0.2715235765167725,1.3417042775513979,True
49,0.5189497949638084,0.262089895962247,0.7596174349957782,0.28934445539966075,0.06057612165275753,0.908968484536427,0.8639089024555281,0.16989375606203908,0.607270963631619,0.85356908725368,1503.2385864,1427.0143727444445,1339.2678974444443,1241.9596196666666,1114.032856592222,8.065661397922222,19.583307779111113,39.461632043666675,73.65922430966667,125.68527627188887,1.2238632952666666,3.0915039297777778,6.325118942044445,11.565028076655555,18.730197722644444,163.56827480087645,151.60625695669236,137.24502113915315,120.0926554290656,99.1790208953575,339.68472399115734,570.0663883203091,4.813409682307983,4.473158411409871,0.19396097791445405,3.3613171096200545,0.08106775114057858,3.362131791898794,0.14881838758007107,3.8779192089642325,4.715865992469675,1.4464676349521062,0.08389039220900525,0.3206175344799572,True
51,0.5225488846725375,0.5326699535928204,0.9035528097284053,0.08184861371303614,0.33884410007323273,0.7268910486877621,0.9153042471554133,0.3691589659999592,0.25204561149333204,0.153306158811506,1511.6578832777775,1433.0240353666666,1349.0896035444443,1249.7091502111114,1129.5986625555556,8.804745234511111,18.376332466333327,37.477263754555544,69.810325721,123.77712282611112,1.3309561968222219,2.916540803455556,6.0648713391,11.120851468177776,18.582364479722226,162.74284282400984,150.9015766779304,137.37344500348104,120.78439894115968,100.15483335971916,341.39115891435654,572.5913554623826,88.58811759793248,1.5155718443439354,0.045134881927601816,4.385235463982562,3.964713822221597,0.47797237536626286,0.7134694438325407,2.2238235480038613,2.9745610948818917,1.588056676745445,0.5866702752965707,0.12088747375111088,True
55,0.5344141327136782,0.8131545108771673,0.3454293318673088,0.48456937382515414,0.12833566716825362,0.365454470167262,0.47327309563572095,0.9019995779214793,0.1777934931046621,0.23845922058077698,1518.8970124000002,1440.0629938222226,1353.2537348222222,1253.4086101333332,1130.4824565888894,8.935244984066667,19.622208103333328,39.574641512,74.57970751844445,130.0307371355555,1.354035494252222,3.0987190698444445,6.348401251333332,11.7191712008,19.307681807933328,162.37672864797858,150.27970473691894,136.26933528303869,119.18623503897892,98.30788288873379,339.87108800655824,578.8250165808564,196.95093104662024,8.792301034528908,0.4290416060385949,0.7621822025920604,0.22192390992303657,47.95585464513657,1.0461999673005664,6.207710838771095,7.4584062720488955,0.6452820114801183,0.138800237642387,1.2108789265354847,True
56,0.5458107514627121,0.09357757271706292,0.8592483668274,0.14180381134583725,0.09604261283389756,0.8844074577667701,0.3170651653575021,0.5361499195091479,0.8425224658737402,0.553224154114737,1497.359149777778,1418.324751633333,1338.4761348,1236.7284116888886,1115.5372151766667,8.250356549355555,18.687609681222227,39.76545448544446,71.28732441833333,130.04045606300002,1.2485304999466669,2.946877698722222,6.363492172300002,11.265567954277778,18.888787919233337,165.00803960432586,152.627009530446,138.5250045692445,121.83519492044785,99.16759337324817,340.1387328797253,572.0123689873155,20.213049007489126,4.3397803301721645,0.15920916575992658,8.443374233748147,0.5457262675872626,0.012626789310325083,0.30228288357565314,2.684841292464566,3.4615286427028975,2.2409128837614776,0.21765847958907453,0.01964836288084677,True
58,0.551524181059881,0.6449616966785666,0.3500011400678979,0.5560035592576298,0.04607482436474018,0.5891706986712102,0.5996729029718001,0.610728846724295,0.21879540087112997,0.5004204815030999,1499.5051231666669,1418.2859724444445,1336.5416530999996,1237.2693137444444,1120.9279256933337,8.773853743844446,18.658731495,38.9127696178889,71.78676840222222,131.07192251555554,1.3259214448344443,2.962337388722222,6.256008282244444,11.398163270911109,19.374354663355554,162.2496856073655,150.16513756700525,136.44386444000966,119.8007172283811,98.10596303955597,340.29734528444294,574.0179976863834,20.04682666903797,5.776350332487421,0.34249299359011,0.9072871587617195,0.8052285595120222,4.485914199525574,0.3026991886184822,3.781257187422496,5.23373830683612,0.7020010617807683,0.2643916571723521,0.37034406126655584,True
59,0.5528958672090207,0.276184379695193,0.6266987809817883,0.3779723451064196,0.14212553928154703,0.41734579848676717,0.847327862957767,0.6035691943041649,0.5198464550986949,0.8184303067327039,1484.4021546,1407.722258722222,1319.8492735111113,1220.7356360888887,1099.526928308889,8.050310559388889,19.42092389511111,39.77809805533333,75.28719883611113,139.79389683711108,1.2216981971022225,3.077712244855556,6.342745961577778,11.76049978611111,20.222424800222218,162.57703440215997,150.231373276761,135.72433904507656,118.4208809098674,95.74014384891464,337.6419408015697,572.0785448369544,359.16053279798007,43.35252545637345,0.9935254735153916,0.27133771681559865,3.0907721451852486,0.031878258803078846,1.445646439665751,6.368086761690954,6.711958248280772,0.34666502949412686,0.5179903354243548,0.031219590305021087,True
60,0.5536575565520003,0.7313051916834691,0.12935243026780424,0.6182793267019051,0.02890742222581204,0.5031400921923841,0.4127733463353551,0.9023343239165503,0.21411868718940408,0.17575767351010393,1513.5931117444445,1436.2225694444446,1349.1156043222222,1248.4470796666667,1121.715147607778,8.625274676066669,20.280367878777774,41.05543348544445,75.13944038611113,135.096304062,1.30610300311,3.1882629035888885,6.563194010466668,11.803863175955556,19.90227677314445,162.01169527465527,149.58443167496193,135.57500314590814,118.35444153033345,96.8146511384579,338.8082271775749,579.0944467183692,80.58613986862746,24.44412315603134,0.8355418882273771,0.017844884326756273,0.3501950733609345,51.76006358345406,0.6231380261560984,7.917457031725703,8.832424742910213,0.09164234068793069,0.17435852163378637,1.257990333689325,True
64,0.5693847838636974,0.661715437300553,0.8501884463448253,0.04806051962876118,0.9765132043444721,0.9169785788573329,0.616145310404182,0.44029911675217986,0.131859816841327,0.33758267035380696,1497.5609388333335,1420.644877855556,1337.3070279444444,1241.716536677778,1130.6211117766666,8.41451467838889,18.804113776777772,37.22983159122222,69.99494264911111,123.94556818166667,1.2763320302366667,2.9878505041888888,6.0454646795333336,11.139280073577778,18.705152202644445,161.28948011538628,149.56299951772127,136.2589687396681,120.02943112499979,100.03677433926337,342.5574902677537,572.668827281501,42.131501521452144,1.298463560444978,0.06550911027995661,2.924114813819794,9.96974479095934,0.5910953887802018,0.4057047911228285,1.373144522355087,2.684609335254644,1.1770987013579437,0.9303153411177669,0.13443386632295676,True
70,0.6136398939886352,0.6620940525664427,0.6925308188557541,0.29442896102610555,0.9360466393863228,0.9288330323507854,0.8894905199821251,0.19710428881264114,0.08011345415020632,0.582172455080405,1485.0672798888888,1413.1147766555555,1330.1565689222225,1239.8767218999994,1129.3132782333332,7.5221919409,18.779574107333328,36.81312838477778,67.71917974555556,121.92880383188887,1.1464238568711111,2.985161389166666,5.981494235244446,10.882341901366667,18.361754718292218,161.65354267105943,150.13869118138635,136.69177388249003,121.51464900346988,100.9137076182835,344.2081230643551,570.9020967628612,131.81239529991916,4.987742394719014,0.006628407027530268,5.669889315980657,23.11804740198376,0.9958108706920112,0.7708407972104049,3.4366869216280236,2.4118731768087454,1.64163447691462,1.416653819786426,0.17448911298107317,True
72,0.6323544758030931,0.7107228031549324,0.11359503847714308,0.609005025033307,0.43499100395841606,0.11383201459647803,0.273525835443433,0.5122926225881131,0.8435497651365124,0.21730698642352092,1488.3116484444445,1412.5157154777778,1331.8005859666666,1231.0698818888886,1114.2543507922223,7.905783404633333,19.180851395555557,38.18296524311111,68.1399543078889,120.72055954544443,1.2026323091933333,3.0359402266444446,6.143108591866668,10.95434532968889,18.388982745244444,163.83533135627587,151.22718909770975,138.23898374530333,121.24128964056622,100.96327128973871,341.76204146719084,564.065521252279,106.94877046417335,7.284074353659982,0.02031433540276759,7.5405259656114225,5.579239892729166,61.379057248491016,0.7180321637370192,3.2256069604532605,2.560578180565196,2.1382998512390663,0.6959462189719692,1.3699036103726066,True
74,0.6614223082660965,0.45757326834817214,0.9845145160028986,0.006200453218361546,0.8832828125214139,0.9883041423656952,0.7140163373651783,0.3780481402750981,0.10505709425901408,0.5726246071524311,1473.4821719000001,1395.7842751000005,1314.369891811111,1218.9998281222224,1106.8293873333332,8.312789055233335,18.60477775677777,37.420691523888884,68.8540984751111,124.48998524877778,1.260177002872222,2.951721804222222,6.038474623577779,11.047005269388888,18.715779213055555,160.51443146756444,148.66847924499208,135.47417933359247,119.29706695971402,98.758394423451,341.5462903695265,562.910280780767,594.1840150380815,0.9050449371218722,0.05626044351098567,1.7365001941841354,4.606562350322309,80.81505164064608,1.7376673799634503,0.999372963918869,1.9924057563414028,0.9255109001920508,0.6323778342741678,1.5719040425306765,True
79,0.6874762187801443,0.298209960688049,0.725856019832253,0.26304753058709246,0.175141853583218,0.4537653490515471,0.9105517719982683,0.8044631781115099,0.218933593622028,0.11310555488516698,1496.5903340555553,1417.7155245666668,1332.613732888889,1236.7874941888888,1111.1464948955554,9.080100236711113,19.27743340044444,39.52060486788889,75.44600355,133.24021048733334,1.375250807026667,3.061964101766667,6.359830685233335,11.835219854322224,19.610347097788893,161.42672181288907,149.43230018911845,135.3635142135851,118.71253910860422,96.6857522459639,339.201657309591,573.5332371437743,43.33428520136942,17.17785127286306,0.6200597439588665,0.13796161330386647,0.03933982283867742,2.667463567804017,0.48612466256295606,6.916559714418631,8.133374669018242,0.20585986801675474,0.058439213438123874,0.28558089592136654,True
80,0.6946425092993881,0.10029199256468393,0.01917901407676087,0.6586515129464312,0.6889161914343489,0.6261579754621351,0.7614754076126822,0.6673620675054219,0.5575180815955942,0.5660409601970328,1486.0297599,1414.534957033333,1329.7943855111114,1232.7598516666665,1115.9113536122222,8.179036285066667,19.229521023,36.391195220666674,69.39752919600001,124.87766594600001,1.2392407989566667,3.035664156733334,5.898517234888887,11.06546079816667,18.535547417477776,164.46585546102884,152.5327707214493,139.17570554010226,121.85417070043921,100.195497502462,341.80575621530494,567.5040475670362,109.3916321486982,0.7679629953991285,0.031025630477454817,9.8639883730823,5.787662967478453,19.32439779288019,0.6931669061795858,1.5965196567334292,1.7584433128881922,2.47320868103724,0.7088262272554395,0.7686575333036862,True
81,0.710838845536524,0.9387212698139898,0.4823937178066398,0.2678301498873939,0.9422896431877072,0.41606900431916993,0.16913881352082,0.40172920676653096,0.5432355905296379,0.8231520167303908,1495.0947209555554,1421.5892410555555,1341.2573183888887,1246.4110557222225,1136.3683492999999,8.350585513366665,17.89125410244445,35.896041545888885,67.95141957933336,123.27801778066666,1.2686927470488891,2.8623261691444446,5.839271300477779,10.91618173581111,18.66025313792222,161.49540585121457,150.31188658231338,137.68786826236072,121.38441337284031,101.26873941633822,344.1851515222944,574.2409561972984,84.13633108689669,3.0702783376919194,0.037326911067397654,6.83599523973875,22.897675091316675,5.480075917669769,0.5644610121595417,2.817050509626113,1.7263593080363127,1.8826344610693122,1.409885539862825,0.40932963757621904,True
82,0.7220346951244284,0.7592961874411194,0.714135584792773,0.15208764126562607,0.2922221224591536,0.002353488267033889,0.6408525977329002,0.7411512555640267,0.30504675937478587,0.7575226669752771,1497.8887371444446,1421.3519540666666,1334.6578014000002,1236.827660122222,1111.6088425188887,9.135995284333331,20.80482003211111,39.32198669477778,74.8083883372222,132.2155910731111,1.3802305246511108,3.2652528850555558,6.321294819299999,11.824306577511113,19.540199212422227,159.75740153636193,147.85238599608243,134.66477442413222,117.95548473053017,96.24988154965678,339.24790957235916,572.4938033767818,25.081287424127442,13.988801847254496,0.5931405135280128,2.1309436491755402,0.023131498179965862,0.3526024502774766,0.3784068430370785,8.25051070668425,9.385083571346973,0.8719958844794864,0.044811557937776844,0.1038299312435403,True
84,0.7302789440817149,0.216377037627753,0.2562510643640212,0.57319227333498,0.009048062295202993,0.8935910656951103,0.778407837095346,0.19832241560535008,0.48347638561217016,0.14623782677054598,1500.0630842222222,1422.442707,1337.5935112444447,1243.0023624555556,1118.948188488889,8.256741194766668,18.854192541333326,38.49346308833333,75.98621160788889,128.0502554182222,1.2544930974444444,2.9972582114111113,6.182329645499999,11.897799417533331,19.056903988311113,161.60930927785017,149.68882347377166,135.8474660199668,118.82166899204077,97.97155622770633,340.304105884505,574.1999199647587,5.317017635620771,8.813093954481634,0.37432184308163646,0.4069406432971182,0.817407450396646,5.2896318442957275,0.15477937653033036,3.2322571073752235,4.644731032041087,0.42916450886844193,0.26638358412051943,0.40215421660407674,True
87,0.7327354712946722,0.04841989567473727,0.08674606710650262,0.5808835160363581,0.9775451290464118,0.9426703323125021,0.9557934523295472,0.14161548174791816,0.49188951730722297,0.9460962314061788,1498.4959423777775,1421.153970033333,1335.9301105666666,1235.771142511111,1116.34787739,8.116161255344442,21.25201968733333,38.549554541111114,69.55137207755556,127.03452623199999,1.2324647473766668,3.3403411382222226,6.229138750988889,11.158476039888889,19.0039950076,162.380231761875,149.76461889174428,136.36966289636695,119.95759440837497,98.48247364652902,340.3303158820283,568.8934604521695,16.448003023854895,1.8782472099685776,0.1919401261372645,1.1947912794250726,0.8654876403541127,9.039280052668651,0.28636097855652587,3.9269766830297312,5.513427412129235,0.767486573591809,0.27410603477557755,0.5257107095349661,True
89,0.7533903128678212,0.1771617340104509,0.08502580775082008,0.5827847592597842,0.006606166764389351,0.48025284337999913,0.10160706221449604,0.7758774249226127,0.8869743159924935,0.4029625205312661,1499.9027929111112,1423.2539319,1331.7354277888887,1238.7240474888888,1116.6425572933333,7.771631107955557,18.585130050444445,35.79835660111112,70.09712473899998,126.17533033111113,1.181183962117778,2.9567511307333336,5.839121496988888,11.215293938877778,18.93938048054111,164.08057885969023,151.885023590476,137.92230395734435,121.22909237615798,99.25705470625736,340.20730772099716,568.8904140616585,18.900684545293167,0.533004617980119,0.1276718106858282,5.529917126197423,0.651745756381672,9.057607520262899,0.24788451470183692,2.0544890140523404,2.9859106948967273,1.8547318274936855,0.23786320595085064,0.5262433884143211,True
92,0.7814519056616761,0.8377033571682021,0.758740718507502,0.1544774319907974,0.33822031246126,0.617290192690895,0.14529719494528,0.3267800996425541,0.5925068801747841,0.034242541198423085,1480.0246909222226,1405.6328945555554,1320.0479518333332,1225.5490653888887,1107.1565333666667,8.367572709766666,18.703802843222228,36.284389330777785,66.74726635433332,116.38506399222223,1.2690714535144445,2.9682042448222226,5.8889306222,10.782553469600002,17.834199364722217,160.37288322545348,148.89393071725516,135.68176162117172,120.12436598323094,99.71645619175027,342.13838712679046,557.4931218771494,327.34464711446833,22.164880816662798,0.03605691734185063,3.1096303329953416,7.498764056171848,207.5581372466704,1.3162579104326637,3.597168649653119,1.597335172792445,1.2441563723680604,0.8068317992900664,2.519125393049584,True
96,0.7938691051345284,0.059519545283737166,0.7704036820091411,0.13650541832249313,0.5696321401961331,0.4386040267146041,0.680485334320162,0.561330248379879,0.796540500317372,0.387406531000161,1509.9065169444445,1435.9940141666666,1351.1378777333334,1256.1074328333334,1140.0783040111107,7.635748571833334,19.40063791188889,36.463377119777775,65.38150442966668,119.3694140967778,1.1622704288055554,3.068423233444445,5.897848406933334,10.601538302455557,18.137435989011113,166.06455350029145,154.10048873665548,140.3152131901719,124.87119425194433,103.40880452769153,343.7962397182776,572.5858647297131,200.63305561327712,14.040837727016534,0.019194306020091458,28.40905952926555,19.32692366056175,0.4704104274644276,1.0529280474643166,5.093430385599425,2.9323943397494507,4.221629432581178,1.2952975009657122,0.11992738760501886,True
97,0.7972805933323964,0.5477845296193291,0.275482869408947,0.4875428338577012,0.670931658663701,0.8585401043043589,0.34549302453779007,0.315341083280534,0.27477887942804785,0.7991702870438769,1504.4140757555554,1425.550698766667,1344.8584100444443,1244.3114652222225,1129.6518103444444,8.48937390042222,19.587573805888887,38.118996472888895,70.48648053077778,126.7814146902222,1.2891973091566669,3.0984164512222216,6.1781662006,11.248990534577775,19.012445235622227,160.99650019353132,149.10902832431668,136.1811636215833,119.57579712102373,98.99098150782073,341.61043780889895,574.4527829935457,35.06347174964789,0.5380886973368268,0.1727475905055431,1.6877681098608683,4.886035307010094,6.516701012136388,0.3727767617536455,2.611773770347751,4.640750493901117,0.9695223267440178,0.6512780815848478,0.44636876963555655,True
99,0.8038606862330913,0.27652631648337095,0.6430296932493598,0.2701905590906886,0.5260719225555744,0.919457614465887,0.034286225273467905,0.9333505031953517,0.31334417924306396,0.3542330618506229,1486.7214121111112,1410.4285158222224,1326.7652574,1231.1399232666668,1113.904867042222,7.776482025822222,18.661639498,35.989330067888886,66.46530109511112,119.98769553955557,1.1833583060244444,2.957510060022222,5.847080015622223,10.706391979155557,18.281430032366668,162.67514149410107,150.7728629965193,137.62180142920022,121.34193815669137,100.57562557576694,342.0750335245878,562.5446613420471,150.69679152514715,10.768971747980592,0.005390346379513979,5.692403451469299,7.155804357668798,87.52236140498742,0.8487390864216352,3.7971888408230847,1.718774853047165,1.7802795417990025,0.7881654462545175,1.6358347015130041,True
100,0.804896844721987,0.6167036407703614,0.7009135906473071,0.14406966024711115,0.7877035443455108,0.9845179591771951,0.187360774817457,0.53258023065176,0.10530187994827006,0.5617761639740518,1510.0131965,1435.8034905555558,1348.8736456444447,1257.0884071333332,1139.9037702444443,8.059145927144446,18.851881795666667,35.80162357277778,70.29119860077776,122.88669827644443,1.2249372838933332,2.9920149500111117,5.837109487744446,11.222101326711108,18.62863158848889,160.63195119729275,149.48161088494834,136.499846715957,120.47198841639148,100.24611206077816,343.0813961829334,576.6272014010818,196.27634457281275,3.080224810959245,0.06269570093138001,3.905982417982135,13.552677855716905,22.346433086390267,1.0305835806386578,2.2145101988791316,2.199585145003834,1.422608600941833,1.0846777203693108,0.8265783180769115,True
101,0.8121687293555604,0.7890044539058219,0.6040134253166054,0.263401919130731,0.605068577155305,0.352848489343028,0.7172893608236511,0.14032095540348596,0.40265996024403217,0.19060804780364102,1507.3695779888888,1429.9611518333334,1348.785266122222,1255.739289788889,1140.4508564333335,8.142217751322223,18.132562982111107,36.12158219222223,66.9410339331111,116.832335067,1.23792036711,2.8833532720333324,5.8920292600333335,10.763768644377777,17.978168959111112,161.69182743485555,150.28359272155745,137.7061376504556,121.91385430825551,102.20178698811289,344.43082400675956,571.8055168304451,168.22978079539317,20.275297706646754,0.01584397380259569,9.352068773301893,25.30919018698859,0.00892706932914103,0.900142877229676,3.469662637664746,0.7098409434411962,2.139651792027929,1.4822698900293423,0.016520924909058498,True
103,0.8171727156709682,0.1695029754081079,0.36342229983396673,0.43530012430655823,0.780852037379271,0.4056573416137829,0.767905200188648,0.508103897178738,0.6358677570118438,0.7704659996770461,1499.9443165222226,1425.140802144445,1344.139510988889,1246.0378648888886,1137.3843572666665,8.246701875477779,16.755535819000002,36.200666086555565,66.7794037448889,123.369450809,1.2525615089777775,2.684340392811112,5.887566288655557,10.743429427788891,18.621631475455555,164.60341357760745,153.52399238202955,139.98014438381492,123.11404587307071,102.59096263141907,343.6138518880813,574.0109277997242,82.9151880055679,4.424575152428834,0.03943758554048139,19.06274473372111,17.756547734686404,4.4560161756484895,0.5051922425373079,3.948202501113582,2.4791179409951494,3.449248618164433,1.241559189181293,0.36910785097468246,True
109,0.8602083014640685,0.2569051560854469,0.17921750843283152,0.5091089869703344,0.42396893696960797,0.6162923583649522,0.5853948650791041,0.8545173620779407,0.20514313919494703,0.8694147981389051,1521.2429970888888,1442.9156426333334,1354.4661596555557,1254.2118108666666,1139.3766261444443,9.2999524208,20.160551229333333,41.06464171811111,75.2907572692222,142.97126306444446,1.4058719415777778,3.1907156797222216,6.587971088244443,11.872354871577775,20.54042266215666,160.7971781534339,149.0553514241536,134.90021912994123,118.32778731180973,95.97630424677263,339.2244431390345,589.5029069998542,303.284507812848,64.57232625831253,1.3781023580982272,0.6589864569426509,0.030820211432044945,309.86233484551644,1.3076084884148824,10.7296211883227,11.372564324207435,0.5421185075753797,0.05172565143354668,3.0779694002193065,True
113,0.8855940512062201,0.10750800317121115,0.7725189686942732,0.10452738176309512,0.32764156196234506,0.08726656002457502,0.6838185728753331,0.9107318594768519,0.7139022379625233,0.5864727267401638,1508.826029355556,1430.9213079555554,1344.9641348,1252.2319281444445,1138.1749309111112,7.707508809677777,17.55046878566667,35.453817748,66.45282395522221,121.61682590344444,1.1752043629244446,2.7981608546444443,5.777824253744444,10.686057386500002,18.438733741554113,165.2904139428955,153.4775510383662,139.5403125209283,123.5908652570108,102.70129837174258,343.0612989472334,573.2863394539534,126.97967944424018,7.641529900550054,0.01857392511419136,20.232335348222865,13.405109981012648,1.9219370815877639,0.7787746411040164,4.9012267114996275,2.7039522790861357,3.566234813483525,1.0787563191612946,0.24240941667308674,True
123,0.9888648499575594,0.4402677412535084,0.02361059029317908,0.5189828107544006,0.882894734272738,0.12260506930603697,0.8755139105753363,0.45848485726222227,0.5572809973847231,0.381535733487097,1512.8532702222226,1436.1400595999999,1352.0989171888893,1256.3174861777775,1138.8993951655555,7.812911459766665,17.899780371666665,37.82532336444443,70.52203580266665,124.11951675677778,1.19144227975,2.864577897133333,6.1389431809333335,11.317360448699999,18.8145842952,161.83172725202866,150.38184666010866,137.0022105721019,120.62319650901226,100.1056768205861,342.39333454497535,577.5617695592343,208.71597638039302,1.3921915748397364,0.12185417351640522,3.696661662771453,8.960051698142898,32.05563454187281,1.0908705697077064,2.4948226217328244,3.277562248453096,1.3803238144528585,0.8819488936285708,0.9899929286998354,True
