,sigma_C1,sigma_C2,sigma_F1,sigma_F2,sigma_H1,epsilon_C1,epsilon_C2,epsilon_F1,epsilon_F2,epsilon_H1,temperature,liq_density,vap_density,Hvap,Pvap,liq_enthalpy,vap_enthalpy
0,0.3003404064775653,0.39140526363720657,0.31977866941445937,0.2694477420354472,0.2081596330175336,0.2461981230242114,0.3589827713965872,0.2516017088305795,0.27210317460539707,0.05351880597223665,229,1505.4811540333333,7.548494673966666,19.945083316504874,1.1464394972255554,41768.254401000006,13107.25833711111
1,0.3003404064775653,0.39140526363720657,0.31977866941445937,0.2694477420354472,0.2081596330175336,0.2461981230242114,0.3589827713965872,0.2516017088305795,0.27210317460539707,0.05351880597223665,249,1433.6425613111112,18.245507677666666,18.52534494481566,2.8952001077222222,41892.15784744445,14824.622566666667
2,0.3003404064775653,0.39140526363720657,0.31977866941445937,0.2694477420354472,0.2081596330175336,0.2461981230242114,0.3589827713965872,0.2516017088305795,0.27210317460539707,0.05351880597223665,269,1349.6419661333334,35.91545548788889,16.878973997384065,5.832107803266667,42815.33147822222,15626.17909
3,0.3003404064775653,0.39140526363720657,0.31977866941445937,0.2694477420354472,0.2081596330175336,0.2461981230242114,0.3589827713965872,0.2516017088305795,0.27210317460539707,0.05351880597223665,289,1251.2485258111112,64.55225348644444,14.951335786417184,10.415464190944444,43532.909585444446,16674.345338888892
4,0.3003404064775653,0.39140526363720657,0.31977866941445937,0.2694477420354472,0.2081596330175336,0.2461981230242114,0.3589827713965872,0.2516017088305795,0.27210317460539707,0.05351880597223665,309,1141.4738936222222,115.77768545344443,12.547516736325356,17.7608244793,42708.89618900001,19434.22092711111
5,0.30730473245038026,0.3581495093917017,0.2650642054828767,0.32231375939734547,0.19506715025148438,0.432260375780236,0.46370653701374787,0.30308768632739463,0.17728770123434717,0.06836587409552046,229,1510.800284488889,7.440264252833333,20.365165487167324,1.1297751519622221,41563.24136011111,12903.562753333334
6,0.30730473245038026,0.3581495093917017,0.2650642054828767,0.32231375939734547,0.19506715025148438,0.432260375780236,0.46370653701374787,0.30308768632739463,0.17728770123434717,0.06836587409552046,249,1433.4860587333333,17.088631834222223,18.84354102184743,2.7194143816666667,42396.404923,13843.092152222223
7,0.30730473245038026,0.3581495093917017,0.2650642054828767,0.32231375939734547,0.19506715025148438,0.432260375780236,0.46370653701374787,0.30308768632739463,0.17728770123434717,0.06836587409552046,269,1345.7231027,33.64365021644445,17.153553572198565,5.5028542168222225,43417.016090777775,14587.745576222222
8,0.30730473245038026,0.3581495093917017,0.2650642054828767,0.32231375939734547,0.19506715025148438,0.432260375780236,0.46370653701374787,0.30308768632739463,0.17728770123434717,0.06836587409552046,289,1250.229626711111,65.27317186977778,15.090283689925936,10.487385073277778,43174.671575333334,16821.693394555554
9,0.30730473245038026,0.3581495093917017,0.2650642054828767,0.32231375939734547,0.19506715025148438,0.432260375780236,0.46370653701374787,0.30308768632739463,0.17728770123434717,0.06836587409552046,309,1140.995949288889,123.708652003,12.390715073904927,18.21430780627778,41293.64279322223,20777.31081711111
10,0.31645061316654655,0.38140853372796507,0.3177687214203246,0.2749562734722052,0.2467937485323241,0.41292214165345165,0.4870761430098943,0.14059800358650762,0.23416035861877582,0.031539750190098415,229,1514.1638399888889,8.428644741522222,19.494123333887963,1.2774064908377778,40860.77333511111,14643.19374977778
11,0.31645061316654655,0.38140853372796507,0.3177687214203246,0.2749562734722052,0.2467937485323241,0.41292214165345165,0.4870761430098943,0.14059800358650762,0.23416035861877582,0.031539750190098415,249,1440.016159577778,19.320489252888887,18.12641316649697,3.060576283677778,41456.18048744444,15693.419063222223
12,0.31645061316654655,0.38140853372796507,0.3177687214203246,0.2749562734722052,0.2467937485323241,0.41292214165345165,0.4870761430098943,0.14059800358650762,0.23416035861877582,0.031539750190098415,269,1351.2778783555557,39.30662114988889,16.431627753258397,6.300801450333333,41791.80545222222,17138.306702777776
13,0.31645061316654655,0.38140853372796507,0.3177687214203246,0.2749562734722052,0.2467937485323241,0.41292214165345165,0.4870761430098943,0.14059800358650762,0.23416035861877582,0.031539750190098415,289,1248.7803980333333,68.77605240477779,14.491077346424373,11.039732057822222,42884.13076611111,17730.817491
14,0.31645061316654655,0.38140853372796507,0.3177687214203246,0.2749562734722052,0.2467937485323241,0.41292214165345165,0.4870761430098943,0.14059800358650762,0.23416035861877582,0.031539750190098415,309,1138.9799626444444,131.06582018466668,11.948589990276878,19.546290959455554,40366.28636477778,22337.458650555556
15,0.31937971679662136,0.36839641815770735,0.2637147977302073,0.3127787232243275,0.19883362348143588,0.36376841414727146,0.18444348196347307,0.2324294757148174,0.3302885391314898,0.02392503538314753,229,1510.1789152111112,7.473957372800001,20.073091236675598,1.137571540421111,41478.09584111112,12905.751312333334
16,0.31937971679662136,0.36839641815770735,0.2637147977302073,0.3127787232243275,0.19883362348143588,0.36376841414727146,0.18444348196347307,0.2324294757148174,0.3302885391314898,0.02392503538314753,249,1430.6352077222225,18.240637645222222,18.519527570021573,2.901105398177778,41638.340852444446,14726.593711555557
17,0.31937971679662136,0.36839641815770735,0.2637147977302073,0.3127787232243275,0.19883362348143588,0.36376841414727146,0.18444348196347307,0.2324294757148174,0.3302885391314898,0.02392503538314753,269,1346.5421124444442,38.38222461833333,16.76750266122842,6.163047238877777,41700.60123844445,16626.28801055556
18,0.31937971679662136,0.36839641815770735,0.2637147977302073,0.3127787232243275,0.19883362348143588,0.36376841414727146,0.18444348196347307,0.2324294757148174,0.3302885391314898,0.02392503538314753,289,1250.3376212666667,72.21581121466666,14.753540187728685,11.427978324400001,41515.66440344444,18666.36279344445
19,0.31937971679662136,0.36839641815770735,0.2637147977302073,0.3127787232243275,0.19883362348143588,0.36376841414727146,0.18444348196347307,0.2324294757148174,0.3302885391314898,0.02392503538314753,309,1129.8421040555556,131.96747861,12.000147488192635,19.1975854455,39818.07890555555,22442.227112111108
20,0.3230639289081191,0.37772796228230315,0.3364432847632864,0.25050047505127737,0.20072497820838817,0.48072963618141884,0.23319992198203293,0.26571744381405493,0.23436389848048206,0.023378311110226587,229,1518.3952404555557,8.927103714544444,19.480260281647265,1.3436580985888888,40148.56918988889,15501.845255444445
21,0.3230639289081191,0.37772796228230315,0.3364432847632864,0.25050047505127737,0.20072497820838817,0.48072963618141884,0.23319992198203293,0.26571744381405493,0.23436389848048206,0.023378311110226587,249,1439.1348110111112,20.57772445511111,18.006908846383098,3.2313428580777774,40655.21619233333,16691.49782911111
22,0.3230639289081191,0.37772796228230315,0.3364432847632864,0.25050047505127737,0.20072497820838817,0.48072963618141884,0.23319992198203293,0.26571744381405493,0.23436389848048206,0.023378311110226587,269,1351.9662865888888,40.445132583555555,16.319824228879103,6.468548298688888,41413.90251577777,17600.599347999996
23,0.3230639289081191,0.37772796228230315,0.3364432847632864,0.25050047505127737,0.20072497820838817,0.48072963618141884,0.23319992198203293,0.26571744381405493,0.23436389848048206,0.023378311110226587,289,1249.870159277778,75.72526934588889,14.245916793175992,11.85764174581111,41164.61536733333,19756.506822777777
24,0.3230639289081191,0.37772796228230315,0.3364432847632864,0.25050047505127737,0.20072497820838817,0.48072963618141884,0.23319992198203293,0.26571744381405493,0.23436389848048206,0.023378311110226587,309,1127.0320341688887,132.40035478266665,11.692510345754021,19.58702319653333,40489.095603222224,22303.623162777778
25,0.3235624223941789,0.31062656648037607,0.30825490357443186,0.2888778869965011,0.20687221097038486,0.49225622494373505,0.4035426410711496,0.3142038150284856,0.23930586213141472,0.0725597886212007,229,1513.3663815777777,8.1406705213,20.197888377771882,1.2336230201944447,41049.972235,14210.334188777779
26,0.3235624223941789,0.31062656648037607,0.30825490357443186,0.2888778869965011,0.20687221097038486,0.49225622494373505,0.4035426410711496,0.3142038150284856,0.23930586213141472,0.0725597886212007,249,1433.744812622222,18.15054571711111,18.654101979693387,2.8772024782222223,42172.04511644444,14808.010452222223
27,0.3235624223941789,0.31062656648037607,0.30825490357443186,0.2888778869965011,0.20687221097038486,0.49225622494373505,0.4035426410711496,0.3142038150284856,0.23930586213141472,0.0725597886212007,269,1346.8153345888888,36.293017186777774,16.989057874836902,5.897790838255555,42888.926054999996,15832.038749666668
28,0.3235624223941789,0.31062656648037607,0.30825490357443186,0.2888778869965011,0.20687221097038486,0.49225622494373505,0.4035426410711496,0.3142038150284856,0.23930586213141472,0.0725597886212007,289,1245.3325202111112,67.28706380622222,14.903177974217936,10.794830122688888,43142.93939577778,17541.25773833333
29,0.3235624223941789,0.31062656648037607,0.30825490357443186,0.2888778869965011,0.20687221097038486,0.49225622494373505,0.4035426410711496,0.3142038150284856,0.23930586213141472,0.0725597886212007,309,1128.7102862477777,123.948152968,12.26188323530061,18.554873333533333,41859.49656111111,20836.889745999997
30,0.33588012625836344,0.3385396256990011,0.3433431663185175,0.2540573186565647,0.18015898924101198,0.36518862176508426,0.3900387655908672,0.31587592782096413,0.1703388264016664,0.07558399058508161,229,1508.558893111111,8.57338851998889,19.74070048657524,1.294212291167778,40710.482922222225,14943.843802444444
31,0.33588012625836344,0.3385396256990011,0.3433431663185175,0.2540573186565647,0.18015898924101198,0.36518862176508426,0.3900387655908672,0.31587592782096413,0.1703388264016664,0.07558399058508161,249,1426.0890169777779,18.03346059788889,18.224702617369857,2.8656129242777775,42439.82794288889,14702.47890788889
32,0.33588012625836344,0.3385396256990011,0.3433431663185175,0.2540573186565647,0.18015898924101198,0.36518862176508426,0.3900387655908672,0.31587592782096413,0.1703388264016664,0.07558399058508161,269,1342.8335834666666,36.95440331477777,16.609076357502172,5.97474002388889,42831.05712477778,16128.010307222225
33,0.33588012625836344,0.3385396256990011,0.3433431663185175,0.2540573186565647,0.18015898924101198,0.36518862176508426,0.3900387655908672,0.31587592782096413,0.1703388264016664,0.07558399058508161,289,1242.7861040555556,70.19376426122224,14.532095556051196,11.083953137722222,42557.574658000005,18320.545250333336
34,0.33588012625836344,0.3385396256990011,0.3433431663185175,0.2540573186565647,0.18015898924101198,0.36518862176508426,0.3900387655908672,0.31587592782096413,0.1703388264016664,0.07558399058508161,309,1121.8001111077779,126.18834430388888,11.92167140992742,18.8510005165,41708.845521,21103.43108788889
35,0.3417894517412823,0.3590008647620343,0.27296418088053886,0.30895133654695256,0.21347140001542828,0.4590285934769153,0.287956076335449,0.14439372471605302,0.2699358527704538,0.04296156364939634,229,1512.9235056,8.142586800344443,19.78740420794784,1.2383835359066666,40821.15420866667,14081.823782777778
36,0.3417894517412823,0.3590008647620343,0.27296418088053886,0.30895133654695256,0.21347140001542828,0.4590285934769153,0.287956076335449,0.14439372471605302,0.2699358527704538,0.04296156364939634,249,1436.6981547888888,18.109123774222223,18.37646906727157,2.877083828511111,41876.98171533333,14640.656849111112
37,0.3417894517412823,0.3590008647620343,0.27296418088053886,0.30895133654695256,0.21347140001542828,0.4590285934769153,0.287956076335449,0.14439372471605302,0.2699358527704538,0.04296156364939634,269,1352.308352811111,37.436735506888894,16.703560388331795,6.0634621253,42118.935064000005,16244.335176333334
38,0.3417894517412823,0.3590008647620343,0.27296418088053886,0.30895133654695256,0.21347140001542828,0.4590285934769153,0.287956076335449,0.14439372471605302,0.2699358527704538,0.04296156364939634,289,1249.0973268444445,66.41818336122222,14.730159793992078,10.75675460628889,43030.77144033333,17130.103728666665
39,0.3417894517412823,0.3590008647620343,0.27296418088053886,0.30895133654695256,0.21347140001542828,0.4590285934769153,0.287956076335449,0.14439372471605302,0.2699358527704538,0.04296156364939634,309,1142.8775483444444,128.89161091022223,12.140740398236598,19.126963571877777,40175.91661355555,22121.031224333336
40,0.34542417088560334,0.3444572111483994,0.29990738244171605,0.29081958973757316,0.21357224258697827,0.22197716311339982,0.4354316830367477,0.24661887071067065,0.2906230725561005,0.020183996221366022,229,1517.4125891111112,7.523120507033333,20.078976037599997,1.1472012682066668,41823.08843633334,13096.137146
41,0.34542417088560334,0.3444572111483994,0.29990738244171605,0.29081958973757316,0.21357224258697827,0.22197716311339982,0.4354316830367477,0.24661887071067065,0.2906230725561005,0.020183996221366022,249,1440.8012099333332,18.031101060666668,18.626708622107646,2.867242753222222,42090.481903555556,14655.409605555556
42,0.34542417088560334,0.3444572111483994,0.29990738244171605,0.29081958973757316,0.21357224258697827,0.22197716311339982,0.4354316830367477,0.24661887071067065,0.2906230725561005,0.020183996221366022,269,1355.4133230666664,35.0730683258889,16.977431888249015,5.715913773477777,43168.635001,15273.863615444445
43,0.34542417088560334,0.3444572111483994,0.29990738244171605,0.29081958973757316,0.21357224258697827,0.22197716311339982,0.4354316830367477,0.24661887071067065,0.2906230725561005,0.020183996221366022,289,1259.0211615444443,67.77898948922221,14.957137109026368,10.876906503644443,42754.26738433333,17708.279964888887
44,0.34542417088560334,0.3444572111483994,0.29990738244171605,0.29081958973757316,0.21357224258697827,0.22197716311339982,0.4354316830367477,0.24661887071067065,0.2906230725561005,0.020183996221366022,309,1146.3173987999999,124.28302126866667,12.37783651233097,18.69870599117778,41200.73751611111,21298.346994666666
45,0.35225488846725367,0.35326699535928197,0.34035528097284046,0.2581848613713036,0.20388441000732327,0.408037567245074,0.47069974350092925,0.20145088839761743,0.17710752457778964,0.02682619032430208,229,1511.6578832777775,8.804745234511111,19.53239599573766,1.330956196822222,40466.379521,15347.205690777779
46,0.35225488846725367,0.35326699535928197,0.34035528097284046,0.2581848613713036,0.20388441000732327,0.408037567245074,0.47069974350092925,0.20145088839761743,0.17710752457778964,0.02682619032430208,249,1433.0240353666666,18.37633246633333,18.111207232885203,2.9165408034555558,42232.11000666666,14981.464922777779
47,0.35225488846725367,0.35326699535928197,0.34035528097284046,0.2581848613713036,0.20388441000732327,0.408037567245074,0.47069974350092925,0.20145088839761743,0.17710752457778964,0.02682619032430208,269,1349.0896035444446,37.47726375455555,16.487560869317793,6.0648713391,42601.28874722222,16345.329015000003
48,0.35225488846725367,0.35326699535928197,0.34035528097284046,0.2581848613713036,0.20388441000732327,0.408037567245074,0.47069974350092925,0.20145088839761743,0.17710752457778964,0.02682619032430208,289,1249.7091502111111,69.810325721,14.496543560917983,11.120851468177777,42664.128134,18148.978874111108
49,0.35225488846725367,0.35326699535928197,0.34035528097284046,0.2581848613713036,0.20388441000732327,0.408037567245074,0.47069974350092925,0.20145088839761743,0.17710752457778964,0.02682619032430208,309,1129.5986625555554,123.77712282611111,12.020583099833496,18.582364479722223,41815.574756888884,20895.084547666665
50,0.35230511447758667,0.3598365409730108,0.29956439095563075,0.2869535687890358,0.1909327058964234,0.1808831260310709,0.2531931983448409,0.31193776694011865,0.3018570086532259,0.06280224625800429,229,1510.281602511111,7.656452349144445,19.986481779375918,1.1621483067177778,41560.92240122222,13293.460836333334
51,0.35230511447758667,0.3598365409730108,0.29956439095563075,0.2869535687890358,0.1909327058964234,0.1808831260310709,0.2531931983448409,0.31193776694011865,0.3018570086532259,0.06280224625800429,249,1432.5015366666664,18.51311838111111,18.497969673281517,2.9444669385555553,41732.747851555556,15030.684289777779
52,0.35230511447758667,0.3598365409730108,0.29956439095563075,0.2869535687890358,0.1909327058964234,0.1808831260310709,0.2531931983448409,0.31193776694011865,0.3018570086532259,0.06280224625800429,269,1349.2572399555556,37.10947161566666,16.84280373479827,5.999324836433334,42373.52330166666,16135.332954
53,0.35230511447758667,0.3598365409730108,0.29956439095563075,0.2869535687890358,0.1909327058964234,0.1808831260310709,0.2531931983448409,0.31193776694011865,0.3018570086532259,0.06280224625800429,289,1254.3148745666665,69.34704810833334,14.859097596695586,11.105092221144442,42335.217283,18067.985423555558
54,0.35230511447758667,0.3598365409730108,0.29956439095563075,0.2869535687890358,0.1909327058964234,0.1808831260310709,0.2531931983448409,0.31193776694011865,0.3018570086532259,0.06280224625800429,309,1142.8077298111111,129.08463182277777,12.224578122051241,18.979371303044445,40575.61528388889,21844.054201888892
55,0.3534414132713678,0.3813154510877167,0.28454293318673085,0.2984569373825154,0.18283356671682538,0.2878315372388832,0.3236896924409382,0.31220796583451427,0.16167336388840356,0.032490205593622944,229,1518.8970124,8.935244984066667,19.488454972330388,1.3540354942522221,40010.453703444444,15487.038441222225
56,0.3534414132713678,0.3813154510877167,0.28454293318673085,0.2984569373825154,0.18283356671682538,0.2878315372388832,0.3236896924409382,0.31220796583451427,0.16167336388840356,0.032490205593622944,249,1440.0629938222223,19.62220810333333,18.03657016252501,3.0987190698444445,41160.16484899999,15887.724998666667
57,0.3534414132713678,0.3813154510877167,0.28454293318673085,0.2984569373825154,0.18283356671682538,0.2878315372388832,0.3236896924409382,0.31220796583451427,0.16167336388840356,0.032490205593622944,269,1353.2537348222222,39.574641512,16.355045620670303,6.348401251333333,41594.30917122222,17219.55930711111
58,0.3534414132713678,0.3813154510877167,0.28454293318673085,0.2984569373825154,0.18283356671682538,0.2878315372388832,0.3236896924409382,0.31220796583451427,0.16167336388840356,0.032490205593622944,289,1253.4086101333332,74.57970751844445,14.30473192937825,11.7191712008,41307.97157255556,19382.239864666666
59,0.3534414132713678,0.3813154510877167,0.28454293318673085,0.2984569373825154,0.18283356671682538,0.2878315372388832,0.3236896924409382,0.31220796583451427,0.16167336388840356,0.032490205593622944,309,1130.4824565888891,130.03073713555554,11.798912104305828,19.30768180793333,40562.787021777774,21949.671770666664
60,0.3567696840875307,0.3567164871210022,0.2788257456531144,0.29568843304956816,0.2585844478753917,0.3057074356129652,0.30057825007742395,0.24257738478089366,0.24954285586354424,0.07097884918552401,229,1510.7167148777776,8.039480458866667,19.744875361729598,1.220785866688889,41042.16275522222,13917.911276222223
61,0.3567696840875307,0.3567164871210022,0.2788257456531144,0.29568843304956816,0.2585844478753917,0.3057074356129652,0.30057825007742395,0.24257738478089366,0.24954285586354424,0.07097884918552401,249,1437.3062607111112,19.48052847711111,18.32616692276726,3.074726156966667,41041.67924377778,15775.134027444443
62,0.3567696840875307,0.3567164871210022,0.2788257456531144,0.29568843304956816,0.2585844478753917,0.3057074356129652,0.30057825007742395,0.24257738478089366,0.24954285586354424,0.07097884918552401,269,1351.3842475444446,38.39812979444444,16.6662090676929,6.2135726510777785,41876.47213077777,16666.792274777777
63,0.3567696840875307,0.3567164871210022,0.2788257456531144,0.29568843304956816,0.2585844478753917,0.3057074356129652,0.30057825007742395,0.24257738478089366,0.24954285586354424,0.07097884918552401,289,1257.9081576111112,74.29682328766667,14.629275050842775,11.73071260071111,41215.7144828889,19261.900934444446
64,0.3567696840875307,0.3567164871210022,0.2788257456531144,0.29568843304956816,0.2585844478753917,0.3057074356129652,0.30057825007742395,0.24257738478089366,0.24954285586354424,0.07097884918552401,309,1142.6135869444443,129.42226768844446,12.138645007952247,19.233993304733332,40527.550071,21794.997500111112
65,0.3596259965395839,0.3501592134896356,0.3202981098855196,0.2648916245599926,0.2557291749005093,0.46825270819313514,0.20883572604167663,0.2911738483087441,0.19335530000194498,0.06289368608426008,229,1515.9088593777778,8.500790392599999,19.67335044648118,1.2895876652333333,40522.048528777785,14735.551173666667
66,0.3596259965395839,0.3501592134896356,0.3202981098855196,0.2648916245599926,0.2557291749005093,0.46825270819313514,0.20883572604167663,0.2911738483087441,0.19335530000194498,0.06289368608426008,249,1435.0686606888892,18.164298137333336,18.215093839061105,2.8952646823555557,42076.819137555554,14730.902301333334
67,0.3596259965395839,0.3501592134896356,0.3202981098855196,0.2648916245599926,0.2557291749005093,0.46825270819313514,0.20883572604167663,0.2911738483087441,0.19335530000194498,0.06289368608426008,269,1354.0715693333334,38.32992035155555,16.611075058731537,6.186820995399999,41988.33157888889,16698.559539
68,0.3596259965395839,0.3501592134896356,0.3202981098855196,0.2648916245599926,0.2557291749005093,0.46825270819313514,0.20883572604167663,0.2911738483087441,0.19335530000194498,0.06289368608426008,289,1252.5076016555552,68.38048361666668,14.62630890481137,10.964525669711112,42697.93859211112,17752.838359222224
69,0.3596259965395839,0.3501592134896356,0.3202981098855196,0.2648916245599926,0.2557291749005093,0.46825270819313514,0.20883572604167663,0.2911738483087441,0.19335530000194498,0.06289368608426008,309,1137.5369105000002,127.4286558951111,12.06160458804252,18.96211997085889,40854.27024422222,21582.68967788889
70,0.36653216166550007,0.3981758203769918,0.321571030446781,0.2596001202152982,0.2128351481845886,0.3437890903381884,0.36451721796940256,0.15722671930310095,0.15824652244150184,0.07743539831623059,229,1513.1697836666667,8.37581750762222,18.9699783845769,1.2733691070133335,40969.93816666666,14472.603997444445
71,0.36653216166550007,0.3981758203769918,0.321571030446781,0.2596001202152982,0.2128351481845886,0.3437890903381884,0.36451721796940256,0.15722671930310095,0.15824652244150184,0.07743539831623059,249,1435.1118227888887,19.230636609777775,17.599595775608766,3.0498076939,41573.51585933333,15544.132494888889
72,0.36653216166550007,0.3981758203769918,0.321571030446781,0.2596001202152982,0.2128351481845886,0.3437890903381884,0.36451721796940256,0.15722671930310095,0.15824652244150184,0.07743539831623059,269,1351.8412302333331,40.46570332355556,16.00106225279733,6.480618131955556,41396.165192333334,17522.904787888892
73,0.36653216166550007,0.3981758203769918,0.321571030446781,0.2596001202152982,0.2128351481845886,0.3437890903381884,0.36451721796940256,0.15722671930310095,0.15824652244150184,0.07743539831623059,289,1256.8220700333334,73.58761428844446,14.129842184640733,11.672731028288888,41609.841239333335,18999.88431588889
74,0.36653216166550007,0.3981758203769918,0.321571030446781,0.2596001202152982,0.2128351481845886,0.3437890903381884,0.36451721796940256,0.15722671930310095,0.15824652244150184,0.07743539831623059,309,1134.1798988666667,125.98224316366667,11.736487159588233,19.017195597744447,41097.55176633333,21309.865719777776
75,0.3730588436668338,0.3809523176974795,0.268163690761761,0.30753024299841525,0.21424010771663288,0.28261628266881195,0.493718675317343,0.19972534949734957,0.12673850775852294,0.06050946812982762,229,1521.9639154111112,9.41568050871111,19.27690409646402,1.4235123212822225,39302.18595933334,16261.094240666667
76,0.3730588436668338,0.3809523176974795,0.268163690761761,0.30753024299841525,0.21424010771663288,0.28261628266881195,0.493718675317343,0.19972534949734957,0.12673850775852294,0.06050946812982762,249,1441.8500446888888,19.97724400555556,17.861646088590334,3.1542645018555557,40853.05076588889,16144.300480777776
77,0.3730588436668338,0.3809523176974795,0.268163690761761,0.30753024299841525,0.21424010771663288,0.28261628266881195,0.493718675317343,0.19972534949734957,0.12673850775852294,0.06050946812982762,269,1355.703916377778,37.352280074666666,16.31918569913171,6.077625617933333,42332.862869222234,16164.647913444443
78,0.3730588436668338,0.3809523176974795,0.268163690761761,0.30753024299841525,0.21424010771663288,0.28261628266881195,0.493718675317343,0.19972534949734957,0.12673850775852294,0.06050946812982762,289,1261.6254648777776,72.68083940655556,14.358470259872092,11.52359714148889,41551.22915366667,18878.56651677778
79,0.3730588436668338,0.3809523176974795,0.268163690761761,0.30753024299841525,0.21424010771663288,0.28261628266881195,0.493718675317343,0.19972534949734957,0.12673850775852294,0.06050946812982762,309,1141.2010025111113,125.49916876155555,11.913082126972775,18.91668670856667,41073.84511177777,21142.509275444445
80,0.3793331049785857,0.39831530167136575,0.28694810465023307,0.2759206039279958,0.2654222628702887,0.19540665199524065,0.28803135359828075,0.2580577930190044,0.2152272027276588,0.026886221600742773,229,1512.7863202666665,9.104071681822221,18.961140733394764,1.380897758311111,39822.352401222226,15685.173437
81,0.3793331049785857,0.39831530167136575,0.28694810465023307,0.2759206039279958,0.2654222628702887,0.19540665199524065,0.28803135359828075,0.2580577930190044,0.2152272027276588,0.026886221600742773,249,1434.5555647222222,20.682412087333333,17.556576794163686,3.2818818287333333,40497.224729222224,16697.784468333335
82,0.3793331049785857,0.39831530167136575,0.28694810465023307,0.2759206039279958,0.2654222628702887,0.19540665199524065,0.28803135359828075,0.2580577930190044,0.2152272027276588,0.026886221600742773,269,1350.1589122666664,42.366706389777775,15.94730292105151,6.7840144207,40602.60378844444,18326.999540666668
83,0.3793331049785857,0.39831530167136575,0.28694810465023307,0.2759206039279958,0.2654222628702887,0.19540665199524065,0.28803135359828075,0.2580577930190044,0.2152272027276588,0.026886221600742773,289,1251.7976981111108,77.07060283211112,14.00012854445897,12.156403969588888,40647.93746177779,20002.454277222223
84,0.3793331049785857,0.39831530167136575,0.28694810465023307,0.2759206039279958,0.2654222628702887,0.19540665199524065,0.28803135359828075,0.2580577930190044,0.2152272027276588,0.026886221600742773,309,1130.78281634,137.76717488533333,11.44673799552523,20.44396310772222,39559.342215888886,22989.339236333337
85,0.3800106197725405,0.31898615300522937,0.3098633246367611,0.2784166232006206,0.18069085871838098,0.35596686621705775,0.32731020609793265,0.24745343666242323,0.24546161678763717,0.03851404734036712,229,1516.4761561333335,9.231542352333333,19.56783638658243,1.3956002875655555,39699.12403422222,16036.208570666668
86,0.3800106197725405,0.31898615300522937,0.3098633246367611,0.2784166232006206,0.18069085871838098,0.35596686621705775,0.32731020609793265,0.24745343666242323,0.24546161678763717,0.03851404734036712,249,1436.2380784888887,19.44784974988889,18.12663861172075,3.082188972866667,41354.52384577778,15812.207422333333
87,0.3800106197725405,0.31898615300522937,0.3098633246367611,0.2784166232006206,0.18069085871838098,0.35596686621705775,0.32731020609793265,0.24745343666242323,0.24546161678763717,0.03851404734036712,269,1353.012731988889,40.449041541,16.46436378939039,6.465047985799999,41380.656519888886,17605.53780122222
88,0.3800106197725405,0.31898615300522937,0.3098633246367611,0.2784166232006206,0.18069085871838098,0.35596686621705775,0.32731020609793265,0.24745343666242323,0.24546161678763717,0.03851404734036712,289,1256.6676368444441,71.91848878388888,14.551168141707775,11.4143292307,41897.810331333334,18803.906186222222
89,0.3800106197725405,0.31898615300522937,0.3098633246367611,0.2784166232006206,0.18069085871838098,0.35596686621705775,0.32731020609793265,0.24745343666242323,0.24546161678763717,0.03851404734036712,309,1132.2025969033332,126.17783277855555,11.981628687769515,18.99600717054444,41188.28970111111,21476.223549555558
90,0.38602083014640676,0.3256905156085447,0.26792175084328307,0.3009108986970334,0.2123968936969608,0.37125482228326306,0.3609789807504613,0.3023382386789708,0.16735830381625494,0.07445865571507296,229,1521.2429970888888,9.299952420799999,19.298877321975134,1.4058719415777778,39376.694733555545,16026.638868777778
91,0.38602083014640676,0.3256905156085447,0.26792175084328307,0.3009108986970334,0.2123968936969608,0.37125482228326306,0.3609789807504613,0.3023382386789708,0.16735830381625494,0.07445865571507296,249,1442.9156426333334,20.160551229333333,17.889623277926912,3.190715679722222,40624.40528966667,16248.278508777777
92,0.38602083014640676,0.3256905156085447,0.26792175084328307,0.3009108986970334,0.2123968936969608,0.37125482228326306,0.3609789807504613,0.3023382386789708,0.16735830381625494,0.07445865571507296,269,1354.4661596555557,41.064641718111105,16.190724299975546,6.587971088244444,40888.131471444445,17736.501776666664
93,0.38602083014640676,0.3256905156085447,0.26792175084328307,0.3009108986970334,0.2123968936969608,0.37125482228326306,0.3609789807504613,0.3023382386789708,0.16735830381625494,0.07445865571507296,289,1254.2118108666668,75.29075726922221,14.201701033163404,11.872354871577777,40994.77581788889,19426.17710588889
94,0.38602083014640676,0.3256905156085447,0.26792175084328307,0.3009108986970334,0.2123968936969608,0.37125482228326306,0.3609789807504613,0.3023382386789708,0.16735830381625494,0.07445865571507296,309,1139.3766261444443,142.97126306444446,11.51907603569765,20.540422662156665,37770.087786666656,24766.233097
95,0.38798965970737087,0.3210245572337054,0.29539502028127895,0.28936159686914376,0.2299239906162148,0.45044671812190645,0.4576795315231717,0.16365613010178687,0.206063317734644,0.017481131923305547,229,1509.9471459,8.276742727955558,19.319914341979,1.2572157933822221,41003.89387222222,14328.738755444443
96,0.38798965970737087,0.3210245572337054,0.29539502028127895,0.28936159686914376,0.2299239906162148,0.45044671812190645,0.4576795315231717,0.16365613010178687,0.206063317734644,0.017481131923305547,249,1436.2002386444444,20.990026264666664,17.92242064112946,3.3197337351888887,40325.804940222224,17049.038966444445
97,0.38798965970737087,0.3210245572337054,0.29539502028127895,0.28936159686914376,0.2299239906162148,0.45044671812190645,0.4576795315231717,0.16365613010178687,0.206063317734644,0.017481131923305547,269,1348.604895011111,37.433099024777775,16.368371789029798,6.083389630466667,42433.76658444445,16262.277194222223
98,0.38798965970737087,0.3210245572337054,0.29539502028127895,0.28936159686914376,0.2299239906162148,0.45044671812190645,0.4576795315231717,0.16365613010178687,0.206063317734644,0.017481131923305547,289,1256.8401314222224,74.80604384933335,14.320874551982614,11.751767118522222,41258.55593988888,19481.039449333333
99,0.38798965970737087,0.3210245572337054,0.29539502028127895,0.28936159686914376,0.2299239906162148,0.45044671812190645,0.4576795315231717,0.16365613010178687,0.206063317734644,0.017481131923305547,309,1131.9030707111112,124.24725626155555,11.956476357444892,18.886685800133336,41509.41569011111,20942.661911555555
100,0.388559405120622,0.3107508003171211,0.3272518968694273,0.2604527381763095,0.2027641561962345,0.19531222330875017,0.3937125884586336,0.31402307144544256,0.2731097605149528,0.055638566578664866,229,1508.8260293555559,7.707508809677778,19.83815548142632,1.1752043629244446,41633.81746133333,13390.064769666667
101,0.388559405120622,0.3107508003171211,0.3272518968694273,0.2604527381763095,0.2027641561962345,0.19531222330875017,0.3937125884586336,0.31402307144544256,0.2731097605149528,0.055638566578664866,249,1430.9213079555554,17.55046878566667,18.420375675624708,2.7981608546444443,42439.05733733333,14255.636747999999
102,0.388559405120622,0.3107508003171211,0.3272518968694273,0.2604527381763095,0.2027641561962345,0.19531222330875017,0.3937125884586336,0.31402307144544256,0.2731097605149528,0.055638566578664866,269,1344.9641348,35.453817748,16.747628308761815,5.777824253744444,43092.658873444445,15397.930180333333
103,0.388559405120622,0.3107508003171211,0.3272518968694273,0.2604527381763095,0.2027641561962345,0.19531222330875017,0.3937125884586336,0.31402307144544256,0.2731097605149528,0.055638566578664866,289,1252.2319281444445,66.45282395522221,14.833375648146436,10.686057386500002,43091.304908000006,17316.282911555554
104,0.388559405120622,0.3107508003171211,0.3272518968694273,0.2604527381763095,0.2027641561962345,0.19531222330875017,0.3937125884586336,0.31402307144544256,0.2731097605149528,0.055638566578664866,309,1138.1749309111112,121.61682590344445,12.326209830576545,18.438733741554113,41708.61020355556,20747.28355777778
105,0.3918076837544981,0.31682452811341144,0.27393707599480654,0.28830487605140886,0.2335728672008236,0.27718257737254137,0.19115601736512683,0.32596654641140815,0.2916590317912595,0.06816734742608867,229,1526.159843411111,8.909865907966665,19.650010591326055,1.347557841468889,39535.173887666664,15314.517070555554
106,0.3918076837544981,0.31682452811341144,0.27393707599480654,0.28830487605140886,0.2335728672008236,0.27718257737254137,0.19115601736512683,0.32596654641140815,0.2916590317912595,0.06816734742608867,249,1446.0868973333336,18.388403012666664,18.22097013188276,2.932140535022222,41464.06030966667,14790.471028333333
107,0.3918076837544981,0.31682452811341144,0.27393707599480654,0.28830487605140886,0.2335728672008236,0.27718257737254137,0.19115601736512683,0.32596654641140815,0.2916590317912595,0.06816734742608867,269,1363.4994623222224,39.16528107066667,16.58967857886563,6.318256707511112,41261.93509955556,16887.659256666666
108,0.3918076837544981,0.31682452811341144,0.27393707599480654,0.28830487605140886,0.2335728672008236,0.27718257737254137,0.19115601736512683,0.32596654641140815,0.2916590317912595,0.06816734742608867,289,1264.9432721777778,72.25257877466667,14.602401871777483,11.544798639444444,41381.96128299999,18598.72617777778
109,0.3918076837544981,0.31682452811341144,0.27393707599480654,0.28830487605140886,0.2335728672008236,0.27718257737254137,0.19115601736512683,0.32596654641140815,0.2916590317912595,0.06816734742608867,309,1146.3169272666667,131.62396773766665,12.01557106468745,19.581675487655556,39783.91575555556,22242.749867666666
110,0.392256954657981,0.37766353070381725,0.2908065559421526,0.28970663899544946,0.17345031158721133,0.19745673343971434,0.444020449916516,0.14276394408463255,0.2340422397175678,0.035735968113577425,229,1515.0271143000002,8.018133557988888,19.410740386599908,1.22161617676,41177.660733888886,13852.871644333332
111,0.392256954657981,0.37766353070381725,0.2908065559421526,0.28970663899544946,0.17345031158721133,0.19745673343971434,0.444020449916516,0.14276394408463255,0.2340422397175678,0.035735968113577425,249,1440.0228165000003,18.518753572111113,18.059245246939287,2.943561609133333,41775.080180777775,14982.956693444445
112,0.392256954657981,0.37766353070381725,0.2908065559421526,0.28970663899544946,0.17345031158721133,0.19745673343971434,0.444020449916516,0.14276394408463255,0.2340422397175678,0.035735968113577425,269,1355.9779826333333,35.78234248644444,16.521911503369278,5.84123237991111,42845.733189666666,15469.41855511111
113,0.392256954657981,0.37766353070381725,0.2908065559421526,0.28970663899544946,0.17345031158721133,0.19745673343971434,0.444020449916516,0.14276394408463255,0.2340422397175678,0.035735968113577425,289,1264.7564609888886,67.29998120133332,14.654433877830899,10.825894756266667,42819.17154266667,17333.567187
114,0.392256954657981,0.37766353070381725,0.2908065559421526,0.28970663899544946,0.17345031158721133,0.19745673343971434,0.444020449916516,0.14276394408463255,0.2340422397175678,0.035735968113577425,309,1150.378528311111,117.04277861899999,12.30278580169501,17.885890601344443,42261.14074555555,19798.257533
115,0.3960778907705534,0.3556401402371869,0.32361756219250015,0.25307063636446564,0.2560462783524704,0.38382101981568706,0.16970872838174728,0.16313551663874207,0.3055743845138857,0.05326538718714929,229,1511.1562076,8.2930455634,19.367654136480603,1.259995892857778,40780.89723955556,14318.180146888888
116,0.3960778907705534,0.3556401402371869,0.32361756219250015,0.25307063636446564,0.2560462783524704,0.38382101981568706,0.16970872838174728,0.16313551663874207,0.3055743845138857,0.05326538718714929,249,1435.571267711111,19.008949504000004,17.954792214131537,3.0242719552,41491.07777833333,15345.805123111113
117,0.3960778907705534,0.3556401402371869,0.32361756219250015,0.25307063636446564,0.2560462783524704,0.38382101981568706,0.16970872838174728,0.16313551663874207,0.3055743845138857,0.05326538718714929,269,1350.923625277778,38.58195219077778,16.367662038530256,6.247923132955556,41854.20817711111,16722.809632111108
118,0.3960778907705534,0.3556401402371869,0.32361756219250015,0.25307063636446564,0.2560462783524704,0.38382101981568706,0.16970872838174728,0.16313551663874207,0.3055743845138857,0.05326538718714929,289,1258.0030744111111,71.80622959155556,14.447267449211642,11.39200228508889,41706.25021011111,18664.64283911111
119,0.3960778907705534,0.3556401402371869,0.32361756219250015,0.25307063636446564,0.2560462783524704,0.38382101981568706,0.16970872838174728,0.16313551663874207,0.3055743845138857,0.05326538718714929,309,1137.5699067444443,123.12671448233333,12.023414063443711,18.649671215522222,41185.39781533333,21085.081655333335
120,0.39888648499575585,0.34402677412535076,0.2523610590293179,0.30189828107544,0.2582894734272738,0.20706505121689872,0.457466333610652,0.22001830693573643,0.24055422611530902,0.04200703959752981,229,1512.8532702222224,7.812911459766666,19.423043904788475,1.19144227975,41309.67958333334,13465.232327222224
121,0.39888648499575585,0.34402677412535076,0.2523610590293179,0.30189828107544,0.2582894734272738,0.20706505121689872,0.457466333610652,0.22001830693573643,0.24055422611530902,0.04200703959752981,249,1436.1400596,17.899780371666665,18.048829236146243,2.864577897133333,42022.48899111111,14413.944628111112
122,0.39888648499575585,0.34402677412535076,0.2523610590293179,0.30189828107544,0.2582894734272738,0.20706505121689872,0.457466333610652,0.22001830693573643,0.24055422611530902,0.04200703959752981,269,1352.0989171888891,37.82532336444444,16.44300531286367,6.1389431809333335,41953.72326077778,16388.000120555556
123,0.39888648499575585,0.34402677412535076,0.2523610590293179,0.30189828107544,0.2582894734272738,0.20706505121689872,0.457466333610652,0.22001830693573643,0.24055422611530902,0.04200703959752981,289,1256.3174861777777,70.52203580266666,14.47719604501165,11.317360448699999,42011.540088333335,18147.12556
124,0.39888648499575585,0.34402677412535076,0.2523610590293179,0.30189828107544,0.2582894734272738,0.20706505121689872,0.457466333610652,0.22001830693573643,0.24055422611530902,0.04200703959752981,309,1138.8993951655557,124.11951675677778,12.014683332006744,18.8145842952,40882.010868888894,21239.319332777777
