,sigma_C1,sigma_F1,sigma_H1,epsilon_C1,epsilon_F1,epsilon_H1
10876,0.6547038400739753,0.5223570895584269,0.5629466815866009,0.9958271435008491,0.6696730894599174,0.8240793806774326
8418,0.6240618202546491,0.49861803332266613,0.6100178704172085,0.9145372135947004,0.9402806165275681,0.7763865937481048
1518,0.6458650479191995,0.3330220571428077,0.7774660317044897,0.9275948071989117,0.9539840317254282,0.8220220817477206
4673,0.7380464567619529,0.4065896835477714,0.6424172616653272,0.7367959012446155,0.9419230531267541,0.7136364135048544
9214,0.7708555134066291,0.36580836422886354,0.5639357435137722,0.7305085488652858,0.3970016109255076,0.9797601718978075
6066,0.7731510341759746,0.4280157173111141,0.5621148023289986,0.8265932948842688,0.703480382575874,0.7647411016838087
11261,0.7278311061973314,0.17386590355414297,0.8847813046346164,0.9365564629421749,0.8962969086307024,0.7538730146265294
12421,0.8551837553780839,0.18375105160092434,0.451694254034174,0.8335620421793456,0.030690122771972597,0.8544912579979852
12457,0.724460139439621,0.578949507409574,0.4760313319545396,0.940578794614436,0.8177652081447184,0.9618873979807562
10705,0.7537032648924908,0.4233903436457765,0.5854296668790383,0.7485086744602348,0.8928092817383255,0.7506400468884303
2388,0.841825922412799,0.2584395298157398,0.5346166850558866,0.6592198272322797,0.6978496604218506,0.9261265735183355
3301,0.6123685030089062,0.4355141251131246,0.6472571038820563,0.9804058187470137,0.7141342073416078,0.8303288980336085
5544,0.6217422738365872,0.38055695948453316,0.7107933499846893,0.8980246918208653,0.9243693248216157,0.7348261285266073
4624,0.9129297832630198,0.0792121342599158,0.8799956317815445,0.9265535558251182,0.8447180365934153,0.8234360968005188
3489,0.8962425593737168,0.07853990776364808,0.4665858164014167,0.7254317493590754,0.2756439017521304,0.9015400994629045
2880,0.8589640817389819,0.2185833527248849,0.5443811814179289,0.6738490997912276,0.6336226217150204,0.9477842318778998
604,0.8748218894349092,0.09772629336534179,0.617177811628914,0.6859144641935135,0.4206305393946939,0.9698526743180843
3969,0.6514863314284906,0.1898487074836705,0.8319206221866093,0.9813729249480115,0.5657994080587542,0.9225187030576817
12474,0.7828968269955177,0.0924013444611479,0.9549380657381911,0.9636923285805747,0.8666580449267665,0.7848511811241408
1653,0.9444715118232356,0.026833567191087305,0.7467302700378153,0.8211137659560718,0.7684361089262869,0.7887294735419839
6806,0.5807941702675977,0.4505549796836308,0.6098248135092713,0.9621109122688033,0.6265936993387211,0.8599956997763275
12120,0.8072163393183258,0.13446273531289502,0.8229492465800075,0.7254861484676638,0.8229005834213791,0.8656721397562155
2691,0.7065063164395472,0.5335300091637846,0.4759981373302808,0.9899183132920529,0.5993614421354856,0.7751196021785267
2174,0.7430105644870707,0.48410614434481825,0.5974479536225173,0.7668670482299486,0.955597350330274,0.8887957412061218
5954,0.8589398792304336,0.14168068688689606,0.46800625147610736,0.6496265846406793,0.27723870399684947,0.9961443961803684
3585,0.601570681396553,0.3026853963588172,0.7501150040772582,0.8755689411282066,0.8459789669156583,0.9673857516011792
5198,0.933995064225334,0.08485067857879006,0.7912700112824419,0.9621216150261078,0.7580269746538809,0.7171005333544637
1484,0.649578662673395,0.1923363943276856,0.8305230158211794,0.829582669474274,0.8752597355803425,0.9290103689544534
7838,0.9412953230207518,0.04502408055383471,0.7620198938535441,0.7562157015494493,0.8164763017476385,0.9548484315424001
11569,0.8435025301979578,0.2985123391434068,0.45162388659730446,0.873574482786051,0.5821665906315586,0.734489324213823
5328,0.9155503881752364,0.13664732155373926,0.5999894997353309,0.6542881187658943,0.9945346127961698,0.9551368117933828
7649,0.6901243561196194,0.44724568402517983,0.6617392202517606,0.7532347337212021,0.8254764562385308,0.9990576561511099
7621,0.6362558840131385,0.3660714544341503,0.7318439457258575,0.860855957343772,0.791877537695494,0.944925908466685
5542,0.8765776397941515,0.05917910001536819,0.8807390253204485,0.8966354949021972,0.6817553695038763,0.906544285649625
6407,0.9270963664338189,0.01667935554201594,0.8120118622137682,0.7633875816159124,0.7142123907852979,0.9442093445284293
9448,0.9290526790612098,0.14901853911900956,0.49661149525327075,0.9593263389061752,0.9589132154767114,0.5304394205841916
328,0.9865734994534089,0.07894492866027596,0.731914348894225,0.988506969085836,0.9782344944128852,0.6753376770926525
6933,0.9217687300206749,0.1770748098191779,0.49666809167447884,0.8255493732161888,0.9910184938891189,0.7259550402994447
11076,0.8137944344883785,0.3827278431699187,0.49314365838977303,0.892392513497413,0.715700307500039,0.7128298810973824
9737,0.9264830648230656,0.05817973164015409,0.32960570733332045,0.9010638755582677,0.16103165747979753,0.8137260494767746
7895,0.7261516311947275,0.26789776290881473,0.8355866946229497,0.8757107923447592,0.9159927573341384,0.9087206137284792
9834,0.9477380008558045,0.02930311656392282,0.6013506785375053,0.6641053496908156,0.9915960464188479,0.8079589945103369
8662,0.9107434422556017,0.224443229204842,0.46042813848351233,0.8434784361464895,0.8766959543817818,0.8658374713313466
6255,0.6547396663837016,0.5397526623409288,0.5536454662707716,0.9528982838170906,0.9559890953848614,0.7359478897926994
11739,0.9040606891488064,0.13119039086065964,0.6426939213429217,0.7591530373666217,0.8253203284078011,0.7808825735328656
55,0.8178313855095578,0.30086239474382104,0.5740494114081137,0.6315737575846124,0.880973740947647,0.9553193306699355
4524,0.818624769361522,0.1318765473065431,0.912104878596197,0.9387254694253258,0.6835844966140244,0.9349323638911233
4133,0.7689767813898084,0.09594061895083318,0.9140791434017355,0.8918762342482035,0.5886543168419434,0.9722217238881606
11099,0.800557299006951,0.33900539690339787,0.6761856149464867,0.7712294981057706,0.9498611209149013,0.679353045011447
3159,0.7402189984663757,0.2550851552217269,0.8714205595859689,0.9725076583220081,0.933410395004076,0.8248162687187683
7470,0.6824780219709594,0.30154428725742094,0.7353967782387569,0.7698076932693038,0.618857472461458,0.9550850609845524
2696,0.8303158097511707,0.4122178316586673,0.5271798732866966,0.8653268784115706,0.8021390980174784,0.8227649620068473
1111,0.7893773069779517,0.4151707052397811,0.5880213647358359,0.8193121374532168,0.8065497878138762,0.8017407478188866
7027,0.7495820983695716,0.1551033817198095,0.8097230775069216,0.6648308564388402,0.9955567160087161,0.9307773146175111
1894,0.6343906868410989,0.5840922745432304,0.5002096317630068,0.9157894164381781,0.9370180920742504,0.874938394242145
2377,0.6175952637144257,0.5873432144392993,0.5113153828084865,0.9897615081576245,0.9219948198976613,0.8390029021493233
10752,0.8364007237501205,0.14271378329361864,0.8397979076172443,0.860211416340592,0.6549683157760731,0.8912721850698766
5774,0.9397357661004963,0.02877234950283478,0.8189986791411764,0.9184313227344805,0.46452921014270404,0.9340833000356051
9084,0.7262669787433679,0.42035029170615146,0.6357213461160564,0.675723599377912,0.7985931381470982,0.9846105188827704
11780,0.999353662681193,0.026763186948519903,0.6200517148433357,0.9413691890462614,0.8712610754058001,0.7373227007482417
5753,0.9439833893624785,0.017812785951961885,0.6375335425042923,0.7704239644209727,0.5564861011787252,0.8694567385781974
4055,0.9941050761139544,0.0341664140358519,0.7226704987352385,0.93499104485566,0.9998631250312879,0.6920453653883254
10001,0.6572812041441001,0.3208536451947642,0.7073756632936435,0.6938109227367437,0.8732736310514262,0.9559454480902956
7551,0.7726882305146582,0.49640093251410244,0.5666616337457042,0.8678629088056544,0.8601210758485903,0.8799628515338146
8468,0.9225260565271157,0.0468925521837041,0.4712986924131171,0.877740789303678,0.12563762940915615,0.8502905982030713
11346,0.9158789466076925,0.11577445704207802,0.7266413219228197,0.828691955594575,0.8131337902238543,0.781954066934418
4079,0.904897019128684,0.21524131655642462,0.4092972378713777,0.9211919908978661,0.5758661248738683,0.8198475512102978
3463,0.8224739510497999,0.32844039748011444,0.47217004818999764,0.7722735076235016,0.5421570855859769,0.9192829982654473
10387,0.8817872447040715,0.1810373409327144,0.8220233228024771,0.9017021533714183,0.9331480749165897,0.739883358351317
453,0.9020257237667952,0.11322506056057385,0.27807653343660244,0.8571009264983375,0.0036994815050328854,0.9628546336500616
280,0.9470080771330592,0.03791586597472629,0.33526017002451164,0.9367676838909208,0.25928372101773395,0.7566402238082421
2340,0.9268281303660608,0.2310086502731219,0.40406520556690945,0.9956379397379022,0.7699447076429718,0.8145645139444718
5443,0.9739032364827939,0.05501538143990679,0.8405378830038064,0.9534832542662836,0.8330240852722447,0.7820907992993267
4988,0.865555585572745,0.2603465200271533,0.3678729462844056,0.9812483997805372,0.1824524807944649,0.895176260146109
463,0.8657511504448651,0.3290201909741654,0.4891029623772786,0.8505798264240061,0.8898407132279913,0.8410701046418858
5257,0.9430652265583386,0.06789924299061686,0.5455701794964586,0.9054283921872888,0.6170744629634116,0.7237241796045222
9157,0.9321294429613355,0.13838959572341716,0.3656106588606962,0.7936292389674078,0.7406105967304524,0.9743529920134663
1449,0.8084718064646355,0.44170900442332317,0.5283853478278994,0.8776183806058612,0.5645103936350605,0.9755775133264719
1046,0.883707303488665,0.135906007831786,0.5927474869053512,0.6455960705374477,0.8530341033158781,0.9195695117836901
8634,0.9108432039976357,0.25713279650527837,0.4974246377968134,0.8620050856770712,0.8263473016981355,0.9187404280071121
7181,0.8380339903398871,0.31051238409435433,0.562113640314808,0.9062009423105255,0.6297562891889209,0.7150386891537047
4050,0.8852305973238289,0.17126511009394096,0.386063099270804,0.7774692359212239,0.20032851061789558,0.991824993662767
8450,0.5372083127024423,0.34484087322569384,0.6756235679235725,0.9974688708367097,0.5930857640664239,0.9532165052338715
12319,0.7211718284909885,0.4665102278385377,0.5543578395985218,0.7198118725197561,0.9610183278199269,0.8049862361282688
5067,0.9535662345923934,0.02707953725488805,0.3266492848384088,0.9299179419621001,0.01853220348359013,0.9027812245683258
4665,0.900458792299083,0.0802007882292306,0.7662652340791292,0.7838049198190076,0.6955463366151383,0.8301295128163583
11553,0.8561229267843254,0.2679590784851961,0.6140332200444445,0.7685274101207599,0.7341437542413243,0.8573371999728977
10989,0.8703852869279292,0.13329377380253615,0.5293812762566119,0.6244385391480244,0.6358528794130749,0.9667551117222457
9695,0.8772917176562279,0.1756929881171709,0.6637147329293023,0.7615104355942656,0.7933522248431509,0.8351396333910752
773,0.8673042933769323,0.046203517045773586,0.8782528343815338,0.7506936652835805,0.921251997484161,0.9949784842876066
9911,0.7725971696536532,0.5725931502540068,0.5078920912890421,0.8223240968299637,0.9974229253402443,0.9983383267456395
8747,0.8141384723520974,0.42323552327903324,0.4860174972075733,0.706486130993832,0.8604175906931261,0.9641016819603525
12123,0.8867413770807473,0.15232170174069284,0.5330389605084466,0.8523704104623666,0.32923880228537517,0.8615328309212307
11461,0.9622204007255886,0.057982137560587246,0.6156234865642217,0.9728218167978032,0.5319794273109579,0.7945728028620629
8522,0.639829674582446,0.5383715132240827,0.5376101285814843,0.8321221656371658,0.9103306094845899,0.8160900060660247
8999,0.899531294429108,0.32619568106448943,0.5087696481690925,0.9813866359103748,0.7705377951026435,0.9147496969969606
1215,0.7051515060820495,0.1487493760798207,0.87983036225466,0.7776359109244072,0.9263800980658262,0.9429788128538736
1678,0.7140398721476089,0.407515125787641,0.733356639302843,0.8402196407687174,0.992556256703311,0.8566360680312487
4022,0.9197436212378522,0.02360129374030341,0.3528149081215737,0.6365795254893353,0.5229285194428337,0.9168906562840246
8485,0.8288750037446732,0.19461304545885724,0.8564308831344656,0.9045474996746085,0.8460801015406213,0.9072725750524767
10937,0.9344620445606846,0.12048307259118538,0.7453977746628269,0.916866732472996,0.7513279181853808,0.8077765041731303
4445,0.89743483516436,0.17764399895783584,0.3932488867849283,0.8263220234471623,0.8049252833204973,0.7410747154128582
11078,0.7135206145783479,0.40763106181473696,0.6344786220563037,0.7913582487885426,0.911517123153764,0.6872679467332646
8428,0.8992096694863869,0.19994266026715646,0.37406416292546596,0.9637090085385936,0.7751547870856716,0.6200238520813308
162,0.8953903945045523,0.35375575782914825,0.4363445572597013,0.9559796087004833,0.8218364675010226,0.9446895290500805
6860,0.827259571217228,0.35055071777804836,0.49099297318835233,0.7855961700836954,0.38595505931468704,0.998823397846561
7813,0.9531226328243817,0.09721940533898471,0.8131551846623747,0.9362940478441732,0.788865970294852,0.8476921193960966
8032,0.8906587057812984,0.12519809116157937,0.558608266048869,0.6810179141444112,0.8050723986334778,0.8620982668934255
10120,0.6142328902125705,0.3071817088248393,0.7592279303476879,0.9696973940724553,0.9079616081136243,0.7772330415860996
666,0.7996254302219502,0.3325273798817108,0.6470584958767632,0.7941913627149046,0.9846523635834264,0.6174975683655214
9150,0.8718558346506747,0.17996832241998084,0.8327602637801069,0.8901831233513027,0.8312292292901405,0.8644156368681857
2765,0.9213597254252655,0.07804240679391332,0.31210692264072804,0.7312533100684933,0.5526947388010472,0.926876729945568
6487,0.8849309374252695,0.09066324344711943,0.8088642092919586,0.9963464734419938,0.38020583845859635,0.8927082363310856
6644,0.9606430101586013,0.06959297836106426,0.6451270216949362,0.913458748853296,0.5856179346478557,0.8528302832891164
2662,0.9477138460870418,0.039083631961688604,0.6965618104022143,0.9579753536044036,0.22875384382263003,0.938077682154368
6434,0.8872481839206966,0.15338085554584205,0.4251642165911939,0.632761183490585,0.8200986195986728,0.8723183316254018
10102,0.9517311137913745,0.16964579837366645,0.5202151343504471,0.9967546357370263,0.7544631207730085,0.8497788015234887
3685,0.7314251975493743,0.24368869802447826,0.8259726071144051,0.814122337646538,0.9551211879679188,0.9682513129721696
3095,0.7898579334275628,0.5230967288963706,0.4874287160598287,0.8360544670052179,0.9458228062634741,0.8773651919268101
12083,0.8926230844307388,0.08023289064373476,0.8197821238891293,0.8428573048376561,0.6067108735343503,0.8720864042012325
47,0.9405202593746494,0.0853187646540367,0.6497056091189389,0.8783285317705057,0.6391174260503806,0.8511529471023386
5944,0.8963427984418658,0.151030961376824,0.7730776784236579,0.8560577729926221,0.8582852647107669,0.7069810000384285
3124,0.7168634504247908,0.5726115923645174,0.4457020070707991,0.9696824850082295,0.9335628100252068,0.7228797085762443
7017,0.9295056705434656,0.0921058051369554,0.586069325272665,0.7041366264777682,0.9451853793692118,0.9017133191664201
3534,0.9878255809281156,0.06437848377612355,0.5283558439308824,0.9552093488192135,0.894193795216187,0.6785003983381557
4169,0.993105206504311,0.012280193460891937,0.6736483640929543,0.994512914181478,0.685388671094795,0.7551299377878768
9756,0.8770082450616175,0.06471690088850025,0.8310301999194004,0.8693172221703428,0.7309291260523494,0.7881632354343426
6936,0.9225912360611905,0.13100534832644314,0.5363377327685698,0.9269904282996885,0.2897363260773657,0.9263057215136431
10871,0.9215570312245074,0.16563561889958228,0.6828886523062911,0.9392502169196066,0.8137472200481137,0.7254620942805027
3332,0.8892240411478043,0.17871462666362134,0.3600670131553698,0.8046895827020581,0.4685797229913776,0.9321422442251924
1960,0.9709366515360435,0.15915367028728178,0.4346472505594578,0.9799128190817317,0.9334603707164204,0.8993167035862182
10335,0.8771692493220633,0.38830582053173096,0.48488130882854236,0.9219943656388166,0.8481778243269434,0.9266866572068228
11148,0.9737892667438758,0.07290782111041216,0.6809948259026942,0.8778393373126313,0.7763200534396697,0.9587096607374975
2950,0.8750001579094818,0.10291735159084946,0.3352760124862604,0.6838301539311911,0.10472318651545097,0.9892776077098983
8737,0.859683701955121,0.17321576777320705,0.8253293353872788,0.8443949700446828,0.9534188602915947,0.8509589861891934
6686,0.6351707286162458,0.5182665816533857,0.5277974498966923,0.8613629778286862,0.7646924647077383,0.8293231268587239
9957,0.9392318271551172,0.14774430999921756,0.4248148656013152,0.7939071786386219,0.8863573935941204,0.9758477540035002
9869,0.7823473002767738,0.41138317495552895,0.5361544549426139,0.8151235383776265,0.7681716550697626,0.7825662395130762
11822,0.9837723552684894,0.10156537634722958,0.37894631190697475,0.9887675647376207,0.7333418202509846,0.8465004729948754
9326,0.9173581884347655,0.20638617648879581,0.34528126268517423,0.9414177926910181,0.7647213527227982,0.8435579898019165
4135,0.7565291431607492,0.4172850165490753,0.6011718111353616,0.822417052809626,0.5589522675595925,0.9668434518838545
7345,0.8723410878009032,0.20236577625573748,0.47539068259895445,0.7680829439797244,0.49915478880848774,0.9412611311009896
10457,0.7888396668462345,0.3978078718811389,0.37324849186485914,0.9530127610670571,0.07337193094227465,0.9634470206215447
6517,0.8239577717904772,0.33017697695580495,0.34014410894925995,0.9762842408932876,0.09260763709946404,0.8722450309568444
9509,0.7531075213269321,0.11446829307235352,0.9230331077621516,0.7773498413075859,0.9755106439554596,0.9483690250731681
11087,0.891300237159562,0.13684093193350172,0.5608122056877269,0.6875928470785533,0.721398935743522,0.8018115896483291
9846,0.8530599760450595,0.26550530297934366,0.6906469982617736,0.7884861444859662,0.8904782321418465,0.7590356924828839
12010,0.9630969061824374,0.09780676250629078,0.6812474437996711,0.8126628723557855,0.8905460517518995,0.9221708977817407
8896,0.7360069731925686,0.2247181634567988,0.8734944332623701,0.8643054606149884,0.9517964242214455,0.8092380740784716
1298,0.7585451311788246,0.5220704484606981,0.5429608194921731,0.9950255806139059,0.7817384743422514,0.8905380259272275
9292,0.961771465953647,0.10099986272691294,0.4358802681692592,0.7595373201042916,0.8656130668402204,0.96353065331708
1335,0.8969548197285911,0.0439915807142281,0.46675033339219313,0.6485077512798438,0.4191758895557291,0.9421598964388236
12338,0.9578229336932792,0.14053215878893532,0.6047351516581096,0.9516385881521361,0.8336065238472402,0.7596395916636507
5420,0.7082965748133674,0.5629488908371246,0.5157836050574223,0.8289621793295803,0.7595864197128306,0.9602044260454109
36,0.7756906033947452,0.3991845812574163,0.5985311111254792,0.6603265074001796,0.7435469598945267,0.9957971316632181
11357,0.9230065959298732,0.10355264246724968,0.3356236491423514,0.7197488474428781,0.6674169373565777,0.990676219892916
10405,0.8607280409697422,0.2556401498238084,0.634328987506342,0.7943848082439638,0.8444918602768416,0.8105914735052239
9842,0.9558872872904483,0.1251369945215045,0.6145388318076082,0.867505842680047,0.8822692393819918,0.8909095754490564
11177,0.8787941255174943,0.1973509720787623,0.4006577752420147,0.7570577177037005,0.962265744939937,0.6739544926964733
3848,0.8541720909967531,0.2635162559767323,0.7827437131689832,0.8960246076723056,0.9950158789873496,0.7101310674888422
3348,0.6956592082619386,0.4453988766785083,0.5571918260690742,0.6566855425855461,0.7784156311575934,0.9136162034575788
9070,0.8410458345630338,0.2501191287616362,0.8558588624820282,0.9907873838412391,0.976159528770354,0.6537936262977054
8606,0.8458066771500371,0.30600032590225623,0.3959654735601612,0.8161260754151858,0.8338701938276835,0.704681847859747
10329,0.9506013594663294,0.15960038763340917,0.5336623963845282,0.985748482501089,0.6930529707586419,0.883730247094292
644,0.8208045284013141,0.29257896002189715,0.5109146566067579,0.8919122738312734,0.14749175305741735,0.9114070877053342
3464,0.9102194661028947,0.11033303193843845,0.5140848765568102,0.6798918486058799,0.8929791133451264,0.8851248535727498
81,0.6439839146506161,0.2981750123086625,0.7271027274096645,0.6960505036263628,0.8594840047741529,0.9852247264462456
7161,0.9369352360157251,0.07156660977354451,0.6072316254597835,0.9559901296153809,0.1467060161575421,0.9623651172494625
12343,0.7165358581772923,0.2611635046336073,0.7889984946532652,0.7341767373735896,0.8813535965448012,0.8636506591302721
11625,0.8543872592408824,0.17632961265039357,0.37951975559262435,0.7031834931019271,0.06194485460892274,0.9934349295672089
8927,0.9232382912441044,0.1590141424872154,0.5550198146457107,0.9329751183290753,0.360776638323112,0.9616977994380355
59,0.6304513114460862,0.4076066051406709,0.671350261823609,0.9774090555102003,0.7364935134111174,0.8147386916702201
8084,0.8713043452096473,0.2575813248239578,0.672819137199226,0.7791349061028818,0.9810758671246225,0.8364300877483434
8456,0.9333377029448867,0.17024455612951386,0.5718277098149903,0.9234825900379445,0.6210758324635072,0.8813949618402189
8314,0.9842826420364831,0.028442692820674166,0.3117708353971435,0.9967641906322262,0.5159356661843808,0.8115697020165676
2260,0.7400027777138578,0.2732758659210811,0.8735745779348918,0.9151406484424487,0.9714214613207558,0.8987673247570332
4260,0.9428885546053336,0.06760874415212788,0.48075305648268185,0.9614055112906181,0.1302234114591102,0.8447025835671548
4175,0.8552316214950866,0.36904337152007066,0.4848381613153752,0.9819450409167084,0.8371573950032506,0.617844576201311
5480,0.9814229712924323,0.06750372679374719,0.21727369488133905,0.9311937399208059,0.687772017278561,0.8828790182445567
7674,0.90728924395066,0.11693046502276522,0.7081045372728455,0.8336853001058983,0.5635138766746253,0.9869456525144872
1159,0.9592693738618354,0.07090437452007294,0.3203207069128703,0.8159105341792673,0.855300120365195,0.8018165117855097
10167,0.7100226285743965,0.32914399093980606,0.8257173773772711,0.940540658877262,0.9701971276323073,0.8059789890344882
5051,0.9128546676754651,0.20331442452079895,0.43159014040923044,0.989873432563249,0.6907337595148442,0.6347647635418167
9818,0.7576730263622672,0.19849112085092419,0.8421984139276631,0.7359509136951854,0.8621365562906278,0.9819649369009532
9687,0.9075885038088749,0.19651563851212012,0.6844419669489554,0.791618904060039,0.9677451511787272,0.8016531358215521
7432,0.8877423248550946,0.20004255568625634,0.36241500260072196,0.9114312945365182,0.4545827461634806,0.8364263001084657
10950,0.7430523273459922,0.5136020922017087,0.5062990796264233,0.9339142550010654,0.5222426687877932,0.8460973380813909
11984,0.873922439679268,0.24531447176505938,0.48177062551745514,0.9424303232669232,0.6309918904893327,0.7119041044174851
9851,0.8330100147492157,0.30886485572678424,0.5630965441673308,0.9924712231694215,0.2857696295027071,0.8429113262365786
9548,0.7273121574015855,0.533322154808874,0.49571474347241123,0.8919874878364439,0.7402946270615682,0.9641976587690908
9167,0.9160575106412089,0.04119555831001489,0.7320583883601653,0.812858225378877,0.6759579966639278,0.8441884396113765
12533,0.6950570130337811,0.4942904592392183,0.5747179720462762,0.9394449796976587,0.34357767863248756,0.9586764438983265
12223,0.7871559406001852,0.42206901849119677,0.6063569582014378,0.8443699153860881,0.732748114923407,0.9056808432839037
6943,0.9164691869844984,0.0552819491641917,0.28538999101454426,0.7784323993630659,0.2152472932891546,0.8623381864610844
5244,0.9957643776770739,0.00336357649598049,0.720125584841288,0.8798728012405771,0.9286217993425963,0.8216297688663654
10018,0.8985206001282354,0.1978275903344453,0.3249976376170521,0.9527978567638922,0.4462992951789436,0.7601142825738413
5229,0.8004280068510916,0.16762421608180794,0.8423406663414035,0.9375186163067437,0.5861373614059701,0.9520080971774402
8718,0.9420532448023529,0.14369437708133073,0.6006743064509981,0.9673082603161269,0.5108186225816844,0.8891997739339074
5970,0.8969877005250008,0.2512014149039095,0.43952356921638924,0.8949564827267114,0.9792172834051395,0.7529327548991823
9109,0.8311816098191062,0.3471525378386004,0.3679412535312476,0.8753622546662515,0.39419741414034465,0.8831920104416219
4542,0.9331203694105681,0.010480311891878404,0.39785207054796373,0.5434544088944614,0.9399013285613257,0.9406561606962247
8234,0.9010695254119447,0.2209132750585022,0.647290669578094,0.8980968368785904,0.888149990275339,0.626613433828612
9676,0.782089969469171,0.49274708112311955,0.4591702323977645,0.9774338530638198,0.7999217823397107,0.8269625996018156
10960,0.8663235522718651,0.22257065411441435,0.7530062487979082,0.7837583938179489,0.8705124855497206,0.9040806599107268
4139,0.8453415683397085,0.1296276113359324,0.8266362253614832,0.834698996258692,0.795496989578728,0.9015758101939358
1568,0.8150691160394504,0.09970027718412372,0.9201731858306804,0.8630203040483408,0.7230118773682479,0.9038298991767635
6540,0.7264764314677165,0.3392097394419761,0.7872744590107517,0.9646715811539331,0.8369877229909938,0.686891656974941
8882,0.8854685984859285,0.22556042233352971,0.5138857984359262,0.7951981511561114,0.6402999168847613,0.8179494990539783
1151,0.7916298172422794,0.4188199169899778,0.5229984382281505,0.8086206275068538,0.9381797623321431,0.7379748631579628
6985,0.9954808702366903,0.06462888961571225,0.7795426093095804,0.9510310998873172,0.694129761772928,0.95592773347214
95,0.6542559868594622,0.3842997686607607,0.6893179112370416,0.8775552012385558,0.8252759539761663,0.8337854678002506
1443,0.9148777055250014,0.302137516926833,0.5809028041924513,0.9784936291620934,0.9326102010752796,0.8178141626907856
10742,0.8720787232316175,0.2693931993811781,0.5594177275808898,0.873880831160388,0.5616776267166508,0.9392713657412172
8488,0.8710432624373418,0.13848063735949961,0.7976569703282337,0.9836002416963905,0.3322804242327592,0.8985463786383797
3964,0.7677850808940132,0.429224859658475,0.5165190321575784,0.6938537672750915,0.8927905197190201,0.7378923024548846
9914,0.8261145284149655,0.4090824559349293,0.5469130273814967,0.9676338182748172,0.43030683455570334,0.9424201391016003
8976,0.8252088867313997,0.22404106057698447,0.7692446256827993,0.909439547700765,0.5240105702104932,0.8615525986070679
4152,0.8539064713700422,0.024560426022328354,0.7277622365612617,0.8308771190904916,0.0466928644423577,0.9634113018364872
4965,0.8383664739984155,0.38720423094155604,0.5300399156022643,0.9550705047449946,0.8456597680716531,0.7624677296504956
11321,0.8918237974686121,0.01142496557365404,0.3104592854932122,0.6033155718388372,0.10312610192706262,0.9571723029687126
5916,0.9287239051813143,0.16768153461073068,0.266818515721004,0.8764049833143311,0.727298773278755,0.960535945240241
10842,0.8974541937359086,0.2059672870638104,0.7575687486824766,0.9869752377139139,0.7042807582170643,0.7868469100643661
2613,0.7137656004120548,0.4825716479200315,0.5890350787678625,0.9678660468089563,0.5762062955652804,0.9209058217936253
11267,0.9622151292654635,0.02618190284302129,0.5239640328159064,0.7857871273724699,0.5572695514398748,0.8743819319352674
11303,0.6662903374285817,0.3914376315444423,0.6859065460017237,0.8481106192681925,0.8327691550129768,0.877261348727498
7256,0.9080931432599272,0.17709174341987516,0.7287753365030445,0.9853075465727459,0.5574142659293831,0.8684806687152109
5255,0.8930234131998271,0.1502723025586956,0.8412682229461692,0.948692586395617,0.8523374853022414,0.8970485331664615
11807,0.871641561882394,0.26257466146448766,0.36891532973578794,0.8901471101645883,0.8003536669638053,0.6349415772475443
8208,0.8841544720439802,0.1677888425923602,0.717197868237776,0.9255515156378534,0.4157758528958255,0.9124958550489055
2541,0.634240052807063,0.5515414312078366,0.5599502642703409,0.9321299986684001,0.8778580396788034,0.7615184277228433
2408,0.8454685339507847,0.2773144516409385,0.7172494854904541,0.8444842206783544,0.8353349001499518,0.8300183881653214
10458,0.8559520633071181,0.1312106068691073,0.7671679378918431,0.8393357363688174,0.5194566157246453,0.9802466592810283
8277,0.84015639390677,0.2929626646228831,0.4119848241091264,0.833279628997922,0.6546511934880382,0.7618226610557783
3920,0.9512212807041387,0.14061282773140227,0.48693666831542337,0.8272646102437381,0.8587999689805673,0.8674731922551817
6611,0.7878591844888023,0.40028898096528237,0.6833490982171333,0.861567920732168,0.8514550147404547,0.8149710722380841
3967,0.7384521968997492,0.08296381512291218,0.8835180116916594,0.805298210948693,0.7888174832832224,0.9898931360748665
9338,0.8717394782881517,0.15323512582387688,0.31204967245764575,0.7704876564173752,0.012445144088765434,0.9547954050014493
565,0.6999691038499122,0.5418236039213455,0.45862962590584005,0.8516705358758028,0.924027133859763,0.7449039678366037
223,0.819998890196496,0.24924155233681186,0.766487851855106,0.7333519078036839,0.8064370491695737,0.9951209325718205
6558,0.9992666576952668,0.03982952258517791,0.7903286436052723,0.914912815171182,0.9684047150019983,0.9438036036913956
10339,0.7361648136993358,0.503986804628905,0.5990708893126464,0.8065377773473101,0.9610685385904629,0.9656966875581053
6767,0.9357778658141533,0.16107353859571044,0.710081080554567,0.9654785241353131,0.8219184155503939,0.6735304999593456
7855,0.9543353576385386,0.09309223202201346,0.4014691040179737,0.9432224325204168,0.9677911429992642,0.6548293956618245
8322,0.9969185000648298,0.0006725468367138747,0.5359844499242082,0.9589784098704501,0.4257112763994133,0.8090921600562111
9195,0.8117554288423126,0.3090457900122402,0.6135171430182977,0.821690787989162,0.26998140694060746,0.953983904126912
326,0.6084120074744058,0.36646410421767767,0.6642202365874675,0.7576639436016084,0.865774841589255,0.9111314473349758
5671,0.8214829161441004,0.05501987645298382,0.8603578968112143,0.7216419176148486,0.9887304434227052,0.8624701898548345
11367,0.8421287809220276,0.3739056396449609,0.4133977413713149,0.7884596929925665,0.8760602220284844,0.9849390491056738
10255,0.9270125467461305,0.15106292635402582,0.2578178575240227,0.8726536416077656,0.9475416654272127,0.7747965789588327
7360,0.8818788895316367,0.1363579102917107,0.2327724388766709,0.848995356113743,0.21166629477821533,0.8204471375355596
12149,0.9283269935125492,0.10096175303649187,0.4462921276729123,0.7913423996969797,0.8089527843958606,0.6758214819161403
4985,0.7778608019222492,0.4618031014102744,0.4781814608124499,0.852892133221738,0.6328248597944801,0.9858752562741252
8568,0.5801841974580679,0.488890482318805,0.6201490178971806,0.9570012010753961,0.8985724395854477,0.7949651802012736
2259,0.9894357342473644,0.07801015002044244,0.7828504098079997,0.9989897758089228,0.7139121708262915,0.8355300824391417
1268,0.8237960907254539,0.42114355373699724,0.46995689351862546,0.9113933251739784,0.5944180024238369,0.8269033467627231
7438,0.8773412757117273,0.09253603439907733,0.45003079254107303,0.6255674225313675,0.46470658867358894,0.9707599056531198
9389,0.9028434139302445,0.25139678143335276,0.6170749903406386,0.9577683485592317,0.8460660141720663,0.7880763225775247
1658,0.8618530090296821,0.32641277912956385,0.5654356716230771,0.8892283150395014,0.748175922682102,0.8933023324753707
6720,0.9250586844534384,0.20212581443307412,0.5858585203517908,0.9687483744957984,0.9002267284290137,0.5751104243949368
1486,0.8613042650295374,0.2581671075693742,0.6214859487539186,0.8880519617896282,0.6684695142691078,0.7971748547899631
2031,0.9509439035738476,0.1749354868083758,0.6787702437020249,0.9171417476273078,0.842912982725918,0.9858206494856508
11293,0.8434398377265281,0.20412094211579704,0.7943120017787705,0.978447557786796,0.4740289894804472,0.8640976764798836
1010,0.8545271217107667,0.18269469198374663,0.5914989997038429,0.6207282245676625,0.8755621683407995,0.9542325027148044
4625,0.9101362582485786,0.24597425027583233,0.6036047545620434,0.8918125350790073,0.8840446616665364,0.8856172008568385
9011,0.6446024599164764,0.5950338144180057,0.4381254282805952,0.8946152978818158,0.8725658748745653,0.9167299654925657
11360,0.9032060518651469,0.11304387583136909,0.2687988563795448,0.8481836509426361,0.3247157312005903,0.7768564571564117
1290,0.9190968353225021,0.20994509253393845,0.5518009931008669,0.8799809685385865,0.6190182008405329,0.9234926173660514
9015,0.8399652961880663,0.2561529059992857,0.613438244724481,0.9713394894617134,0.1403765760250012,0.9159795557695379
8714,0.7172810548691296,0.45286640624651375,0.6557622384024597,0.8350606150874068,0.6613304015534208,0.9165633162185858
3319,0.7536357268229551,0.39059709176646357,0.4969563821763151,0.6332989107372943,0.7024614030535251,0.9636778815341854
8848,0.9335435827859727,0.2333629295445543,0.29318422400632094,0.9936136410635159,0.8645086528672269,0.9443001507512426
8950,0.8637004093689153,0.4000057643883137,0.32258444999336333,0.9532086893350171,0.9780872352681497,0.9105774108076318
6409,0.8783854607840269,0.3194791391393151,0.293260928441103,0.8792368147725117,0.8237879277909937,0.9758885802576127
10121,0.872585374730891,0.09779382722138107,0.793854498105421,0.903143433999094,0.663521866321019,0.7751482341623833
5153,0.6981908037898016,0.16367772357860502,0.8570364711697684,0.8509219839405215,0.9819022187403645,0.8274800216255005
9245,0.7088634583074956,0.4606135584074275,0.604819417803017,0.8782861846333735,0.8838177219118176,0.7194050974046997
6825,0.8259796999536575,0.35182668213590435,0.6331930186178711,0.88067112511353,0.6829543130052729,0.8807453139420819
11996,0.7637524286517995,0.040186089695732154,0.9611383875384482,0.8848986695749633,0.924307984491549,0.8790577525240243
11222,0.7210604515119751,0.4038202176831242,0.6046852681911673,0.7317147308001479,0.78233933435703,0.8839862330441701
10168,0.6662765629136697,0.2071009321742613,0.9020624456266425,0.8991083143650583,0.988194272761906,0.9615539457969926
4956,0.829266674298862,0.2823651387960215,0.5785891948885696,0.7514614938685656,0.6050077658505104,0.9586949254771122
12231,0.9633305960286643,0.0025721803024757275,0.2623790991818057,0.813349977513131,0.6023844032238693,0.8584982171817825
12532,0.6395527641593004,0.3579961172385863,0.7117154255605466,0.8251897839377507,0.9335332032655433,0.9265920958033643
5366,0.8340052884596458,0.18609673487149447,0.7409386061117672,0.904830790235691,0.21152689611160821,0.9804897470927535
12263,0.9421543604757326,0.03530225812820518,0.5656415587456203,0.8131024308264068,0.6509305081967295,0.8321481150170468
12378,0.8472834039828551,0.300243202235221,0.612719814155168,0.8347802231234329,0.6348824751060923,0.9494584884457936
11441,0.873599354394766,0.1732373122574034,0.6837285872208078,0.8390576934094607,0.51579662078508,0.9579649286684486
7750,0.8333923898687765,0.31612190759812714,0.734507891327343,0.9387525612428035,0.8186078102502549,0.7704927201631094
8209,0.8248445139100935,0.20431889758179747,0.7754552248994819,0.9585998778407109,0.31641409123478287,0.9966426381797582
3040,0.8304065742058064,0.15225738168920538,0.775654148133169,0.7534708024459638,0.5327218511415787,0.9318783390084688
11646,0.8207754933173323,0.23844619887606094,0.7085638595596602,0.7739644756167718,0.7171136452225211,0.9234592294206304
4449,0.6888468355114704,0.3858868834740621,0.750929868687705,0.9692511828464411,0.8677431281174888,0.9058790683699222
11463,0.8842932408267471,0.14975596594734086,0.6933134846738912,0.8539461960914988,0.45079234324762896,0.9999710436192669
10768,0.7415759990421968,0.4583175767987628,0.6743922170184181,0.8184697376210247,0.890919218510978,0.8294778041717822
11217,0.8422732190200488,0.3547544221114601,0.6365332963976749,0.9562677055031025,0.652532318552718,0.8589484115900563
5125,0.9211262292418451,0.22097711665623818,0.6403465085482917,0.7994573588810151,0.92590082486138,0.9385847867559051
11941,0.9573448658667212,0.10341683250667615,0.23746838066858517,0.9504583690121503,0.8447392521635765,0.7909273395623196
4654,0.9513925302995404,0.21380066527341798,0.6738057945933038,0.9569037995105115,0.9534614592445322,0.9499185687349619
6552,0.8862263333564487,0.11583815276274441,0.3923201573127362,0.570192680660069,0.762591052296091,0.9054657335664114
8874,0.8485575141065177,0.3341749339210538,0.40641009433291414,0.8560815812282211,0.8307172583177015,0.6707656248374723
8107,0.5785977114134215,0.3326051944600636,0.6773764693194855,0.841805261032083,0.7773806242130589,0.8380792301724438
1483,0.9179653133864769,0.17635527219312966,0.4118805196606012,0.9555486046892732,0.7953307402522408,0.7340746141014444
5412,0.835074262875153,0.3387456809149344,0.339670105232184,0.8482185452145923,0.6346333647924044,0.8225551753673687
107,0.8853177133387912,0.2941326069054747,0.3328680652516813,0.9911024984875387,0.525086989126778,0.8488569145449103
2508,0.8528592172324362,0.2825713488820614,0.26808961336476145,0.9127078678294589,0.2501460495224868,0.9707266590614033
6715,0.9031117838720795,0.20333755763001385,0.3801854281701938,0.7916034333731721,0.8669995827675416,0.9303153896273061
5135,0.923841999791362,0.1546991170889437,0.28555516595274505,0.9484201450091087,0.5608769800148014,0.7563954093421817
8176,0.9184015007220366,0.17042332379559,0.49824796024582074,0.905578493858658,0.30935792925678385,0.935908985409732
1190,0.7333595290715557,0.2020980846830864,0.7386428512768778,0.6928230048930546,0.7427272950033498,0.9364532527301871
5904,0.7955255075822789,0.1787172422450696,0.8443134733308466,0.6866572705591917,0.9753252518502078,0.9499898846390749
7655,0.9050376807806115,0.1528464309681019,0.4256724395516332,0.7667959383828289,0.4421022753722629,0.9119371829684738
8157,0.878615181367755,0.11987412523034169,0.4320679936998273,0.5269691376421216,0.7081845012154289,0.9861895084715655
11364,0.906255450062439,0.19597053780603924,0.43900898773105324,0.8645400961501079,0.2661686343858452,0.9955858650888096
8716,0.9464159537313408,0.10063986724870214,0.6478287297093146,0.8988933467659058,0.6535760949019496,0.7507979210186903
72,0.8037044865536871,0.2950203299717455,0.7290294270813872,0.9839579225398359,0.6015571542640126,0.7740619551680696
7821,0.8177201879549877,0.23495216857728995,0.7242821739905261,0.8526197805787056,0.4787469063383738,0.982625680552426
2130,0.9386387154230766,0.028086620441950955,0.14910091434281658,0.9018510165828878,0.14636765228718784,0.7662136915432577
8785,0.8993409209214127,0.2145663214655255,0.5279128126947844,0.9412248493880593,0.7823224884755425,0.7312050374452406
6128,0.7833763462558577,0.30209009549393334,0.7931116343883509,0.9872290253572735,0.6454033424194892,0.8907271289588456
1597,0.5344566672443949,0.23089308087085506,0.7748999625478336,0.9995275552868679,0.9883155518415527,0.7771132440794777
3590,0.8479490455687168,0.22014615390653897,0.6211359138549958,0.8521716334762077,0.14461420555439564,0.9307379509801298
6843,0.9221280492422874,0.12355630575160287,0.51641573747218,0.7823145365924604,0.7977574934377274,0.6962508296346217
5131,0.8808217051518705,0.20294528409556997,0.7988648000419545,0.7867963657726523,0.9170157547006706,0.9423747424344963
7659,0.9528036816477247,0.00041351384463838377,0.7090342909358872,0.9723970636142666,0.2810303598786222,0.9264907697270123
10561,0.8525557639172013,0.17778415130132155,0.821774005022038,0.7018288826918349,0.9924221861615965,0.936644180172705
2980,0.7377068392247781,0.4310874012510267,0.5478891220957103,0.6937662678762762,0.8523676509126678,0.9184600767327581
3057,0.9910656264191764,0.029185571776936713,0.6578616174714632,0.9442857597088352,0.4628877625246154,0.8913796480590956
1929,0.8557134147848436,0.23476148099126182,0.723998709257574,0.9124371879103866,0.5109089670527137,0.9577806566558307
8133,0.7297385564815225,0.30379335146579717,0.6303307977647478,0.5153569286054054,0.8971518663684501,0.9941648453089653
9922,0.6934482079798484,0.6051803194524578,0.46690241508660485,0.9663194149349511,0.7148563089449524,0.9457043122159462
7514,0.8724148173768199,0.2788778403248349,0.6396456532988875,0.974817127918362,0.6209600202535154,0.8556207837560414
233,0.9571380811929817,0.03565253280953,0.29253315281660586,0.9353506233652061,0.43107821990656725,0.6850164876690907
5001,0.8864575752126604,0.2099632781853559,0.6005833231269995,0.9522754720567406,0.35017891272105794,0.9490293453263657
1504,0.726447388122938,0.26341265933830865,0.739978449670341,0.7459341305395176,0.8329560286184828,0.9059212865301485
6877,0.9311667400019321,0.06334039190348213,0.21719632098725156,0.8730440571420673,0.26057997285027484,0.8077612736771264
2630,0.8870360013585294,0.14081591615589575,0.34403625010582206,0.7828334811959441,0.3350156620036941,0.798505938466218
7751,0.6268874621696837,0.17437061860421135,0.7962460605307496,0.8427700314038633,0.7349076284639394,0.9377646745017113
10444,0.8817351784159358,0.3776505491810499,0.4112183362048358,0.9820733005034707,0.9405771716893644,0.7792896949978373
4361,0.6139982160174683,0.2079963868350817,0.8264443482685753,0.9605177240789059,0.9554804614114722,0.8446930197059442
12415,0.9549245807029536,0.15512535857726759,0.6208984747480679,0.9934749766048859,0.954838664462514,0.5530720920986958
10537,0.8459649595066892,0.07954327389900702,0.7935528151731135,0.8072061032555193,0.6283226512739147,0.8895967433722755
9959,0.9443866975577268,0.14731460169504115,0.6385420830827916,0.9162776041595426,0.7315305613600175,0.7837275016488446
11567,0.6369795955023452,0.34964069056013514,0.7698516566329257,0.98607287139857,0.990837143006344,0.9124810836738163
3812,0.8086302251359917,0.4474200244127846,0.5112393295741249,0.8206584914059343,0.5557921902667513,0.9919968735150891
1595,0.8334353244503244,0.29257310178994184,0.3194492186818918,0.8487925409384678,0.37042195241385184,0.8792831239463911
10688,0.8454717727690518,0.358281164960295,0.6900471362394384,0.8117130084728588,0.9902659020280724,0.838595319790965
8525,0.9892141088291004,0.058000628795904154,0.39294279636024637,0.9548994489191167,0.6545310127731904,0.7995940413529335
5123,0.996330731147338,0.04546945688989491,0.4459656675707868,0.9154914061158886,0.7035328505334393,0.8327645932957857
2619,0.9314562908773455,0.09021679154463756,0.4768075198578169,0.9046728242740778,0.21576302841954303,0.8299962256765597
292,0.9591301097971769,0.02232600804511126,0.3855941900190142,0.6921703136930465,0.9121803869823057,0.9389146065659599
542,0.9131742389821197,0.20452445559535648,0.25549137355072316,0.9703052992334027,0.4992083228454502,0.8544263556003242
2792,0.886211701497175,0.36783491484864983,0.4951317784456019,0.980910598259276,0.7236266542558398,0.8919377608402066
5007,0.8345769862017585,0.1822045992884194,0.887094166567823,0.8138166701699763,0.9925598315061303,0.8333793996451981
5205,0.9763932952027511,0.06099978969059764,0.1623013582527031,0.869429720725921,0.5716270089991526,0.9505352370874416
1062,0.9365321917579015,0.0915159330643781,0.14055983209798492,0.8712651280229612,0.39436202338126697,0.9795926461783583
10196,0.8563105083368995,0.17510974538334684,0.7199962126888931,0.6752854008762218,0.8199240849850169,0.8428117557240676
5060,0.9598245448984908,0.07136106117028222,0.5638279333037345,0.8119201481907757,0.7808146298084415,0.7779354414973679
12099,0.9085799022824445,0.2597116363280145,0.44969705649692227,0.890863100794116,0.5885902975124542,0.9507444523769605
11935,0.943833055090482,0.14088627980159676,0.5562692567026581,0.9202735772626437,0.8217745598278043,0.8508130040351131
113,0.9324911184337428,0.030319598643986315,0.11590816338024167,0.8536056261612496,0.07176693288708005,0.8539613040585285
6809,0.7273087232380939,0.31252872228298617,0.7327647391952553,0.9448529677383636,0.4246794734100122,0.9794837569233515
5728,0.7472801183172008,0.29479018338350677,0.7600517900847735,0.7347348611425284,0.7839434660202756,0.8720729558796158
596,0.947893019442917,0.005363150243546201,0.581270549335655,0.7840289814915946,0.5229251445492373,0.9513694854683997
1356,0.8273588457652207,0.4336436853806485,0.3909291913425306,0.9289337647648568,0.5557944145025009,0.9230460631759068
10422,0.66513850780185,0.4380187388336305,0.6150113547740748,0.7133093115710435,0.9220119599548846,0.9880346418132044
10068,0.7115877625804496,0.5740688234132442,0.6038482280100264,0.9639507412148,0.8683178281850655,0.9434511467711697
9495,0.8831625949693757,0.21241342310005232,0.2816163376463162,0.844227966005817,0.9200771814629981,0.6737776291007939
3785,0.6504992050052826,0.5601361802513856,0.47119945826141,0.8304382695562202,0.9117931086563322,0.7766824164972257
12246,0.7169458776269992,0.3790300138227131,0.5760678667544932,0.6661082668043388,0.7659159806130496,0.8696927240651275
2689,0.8500251673505705,0.2844633312935311,0.5362672656582539,0.8690724593901562,0.8557962330434937,0.6610343114790085
6858,0.990268538027051,0.004985583182657415,0.3303324033134784,0.8614705285290983,0.503917393088088,0.8728643833516383
5551,0.908345680993895,0.12866480343222042,0.40744132480131456,0.9120545827065099,0.04564124858330811,0.8493059272176889
5975,0.6687745054642832,0.39639622279753656,0.6035938525554989,0.6531513387332756,0.9118685025845649,0.8694484070690325
11270,0.8836444242674668,0.3786553683977963,0.4809904990973021,0.9896163750142855,0.8752382809676508,0.7822158055563557
7358,0.6939138206936624,0.19865042387419696,0.8601145452295277,0.9084315966334149,0.5999929505810102,0.9317893091319784
275,0.8649274778385198,0.1787556640884249,0.7530729899390006,0.9760471144304516,0.2652413915912149,0.9239576870555919
10799,0.9426792723056366,0.06375661725189266,0.8179745246066304,0.9657763216845476,0.8129282331154142,0.838763336763138
11211,0.7111966419708381,0.39250891665931054,0.7635583163616467,0.8411997219051884,0.8748184927764329,0.9712836906089155
4564,0.7271558832152526,0.4665827964332569,0.4369882342305513,0.7806212236776844,0.5201741931840675,0.9305887380177447
8815,0.7477570538094068,0.15720827919373298,0.821852663386999,0.6918757154458367,0.6940481878037186,0.9930825466707924
8872,0.7244536902220118,0.3381607547752962,0.7362871216336528,0.9323403139639618,0.7647122795972632,0.7882805545855569
1280,0.8993696669599357,0.13986397272814563,0.34446639511068516,0.6047113997252997,0.7676841510963579,0.9827938300421781
7209,0.9287594750437681,0.062285164852059094,0.2799716032965252,0.7578771383123386,0.7459746312136212,0.8404075157092277
2013,0.780835278408202,0.27891096906334495,0.7733699745282677,0.9295799883677576,0.7364128616399275,0.833727335596953
5220,0.9086401708652992,0.1026501769267976,0.3223911565014821,0.6892623571555309,0.862232961377079,0.8625428479148817
5235,0.9624388193441262,0.02576294769534215,0.1968753813937302,0.8088101002784436,0.7535276474142241,0.8602123123517422
6736,0.8489547557327964,0.11035437794295869,0.35082992422585063,0.6356553154432405,0.09483673831142511,0.9673503550093071
4880,0.6132436756826879,0.13928782866477388,0.839463366303319,0.8097722587174655,0.9803205797168307,0.8775930765842463
6343,0.7627019784024385,0.5078867930456634,0.4510905801516214,0.922277641480405,0.6805120833541236,0.9876916241364257
1732,0.860923595823798,0.2916798714490575,0.49242663893336885,0.7928164368184607,0.4369097386962369,0.9445381748686998
8530,0.8001805387175183,0.44344871654656803,0.6119859688128055,0.9752125071006383,0.728996953289108,0.9087050183185392
8761,0.881127275112243,0.31447163583431736,0.5749922873630107,0.9572118462749137,0.4488633218335426,0.9953817014850258
2730,0.6210218238483792,0.42357136154585345,0.7261239992738067,0.9352855554382706,0.8284460870935157,0.9765241689391693
8723,0.8359564616182089,0.3291843805495388,0.6596447785468741,0.9466428509009727,0.47578828316901095,0.9510802953507786
1688,0.8906527492214967,0.1284673510475856,0.629886484073402,0.704829350538371,0.5200305606723112,0.9219106567135756
691,0.9501246728165115,0.028622738833527558,0.8146906900381401,0.9819823969988164,0.8184262481000701,0.7091811195218187
4049,0.8309505499685921,0.21967377725279394,0.3873633612844764,0.7007662867779876,0.07021472736889263,0.9301652423580922
2624,0.9554777040707931,0.13420709800917147,0.744141781840838,0.8525188899386829,0.8470768194202256,0.935453157870111
1385,0.9586051627753867,0.04494930599343364,0.3349071626957918,0.8972664084295807,0.598191870509979,0.680931712068068
1561,0.6802569944176766,0.5551419469871409,0.4451154618314277,0.8185235612804316,0.9546581238136389,0.7799065989221572
2177,0.9777983746407038,0.04304575348390569,0.9006035212887349,0.8643854457306553,0.9784901384244014,0.8441976891906869
5560,0.6558128392384285,0.5763719992176486,0.40095896783240564,0.9498897257540674,0.6522633733940864,0.8626770876842826
7927,0.8964670187126276,0.10301560118510619,0.47430834390711313,0.7300566960515801,0.567944372478561,0.897430476112068
6490,0.9477265334776565,0.03167032729501411,0.7718564027143061,0.9417030180292584,0.22805202345160352,0.9680284947155755
3273,0.8600159301469628,0.21087046066856335,0.736549216907863,0.763491817540632,0.7578545445562582,0.8492089017086405
7489,0.8531939862038586,0.28353168622024905,0.4463414243893365,0.6035792654310874,0.855809787442938,0.9802771351931966
11578,0.5495196925630019,0.22030237151458854,0.8019069681371114,0.9855651449607248,0.7541066264635059,0.9136726978621618
1066,0.945341232360621,0.011755739491866972,0.3132613314183146,0.8413073597514542,0.7093625405960131,0.6823855131383711
12153,0.8892930738050798,0.3152158929673931,0.6361020001828523,0.9331119899600823,0.8362964397988067,0.9504220262565065
1238,0.7101051659517154,0.2788553828950432,0.8362703853368167,0.9032382474112334,0.8838856992142957,0.72721094580514
2411,0.7475752292628681,0.32884058415460005,0.7855954780624598,0.9841921547948086,0.604199007896861,0.8896378518990873
6009,0.7856799202395083,0.3818696913080827,0.6459316981706846,0.7274038274508935,0.7578926611965371,0.8501133017883064
2023,0.9065753773723821,0.35064338992572563,0.6029304678824515,0.9665255246883032,0.8606535172357626,0.9734545418940029
1344,0.6427022063878532,0.5948021414419539,0.45870694076468604,0.8719117748470628,0.9915384394139141,0.7962833670535847
8135,0.7094063051407933,0.12398317355342253,0.8827463889519771,0.9861212570916746,0.613651454295771,0.9424624115084779
6642,0.8615389337672323,0.02857710984352908,0.7734744245230736,0.7004350565353149,0.7131979309633437,0.9501897715745452
450,0.7725506074707901,0.44397960267808967,0.628481586833947,0.8805268297081089,0.5860456883575118,0.8855083983227428
4818,0.8277838258809005,0.33151011736063746,0.34305373107049114,0.8677794663704231,0.672268288192228,0.7502861951503628
284,0.9507002729697261,0.04246318872906619,0.113149080329419,0.8382929514593256,0.35465495130940666,0.8927980638458687
3009,0.5589799970760152,0.2398461395953188,0.7640582975048071,0.9894752049082501,0.8927682029853065,0.7828727242508228
11587,0.8981534018152167,0.24312375208495504,0.584140962788445,0.8663158232472982,0.9313279456358738,0.6009786001903666
4116,0.7374831787667714,0.33993360209442053,0.7240295306370456,0.8851817476386846,0.6083815300939069,0.9896266722901812
1314,0.9330747657262627,0.14961089148923634,0.8002953561416115,0.9619894796430765,0.5960913061755075,0.9819322658326954
1458,0.7471171298404299,0.5054676291402206,0.4261582369068976,0.7313901040441412,0.9503117210829304,0.9615669066191916
3693,0.9598767708309602,0.13794620007148461,0.47702259705626876,0.9527259554395279,0.46843443344554736,0.9459370279678265
7471,0.7622933668805325,0.33945710112160665,0.6815917523268339,0.9737776157319288,0.2597395711844781,0.9949852790092194
5485,0.9110296005049037,0.2490626841127693,0.4258857176912965,0.8788231643513467,0.6123870300002621,0.9377837446060708
11846,0.8118588611432721,0.3691694488341049,0.7228602997829819,0.9163071389845271,0.8606005205873051,0.8688730265290653
684,0.6653701413181762,0.23485588723568662,0.8439656361192548,0.8495843212298241,0.9252121936592153,0.815927803308032
2103,0.8668767347217488,0.18529717546349334,0.6571925289096503,0.9227692085271776,0.4670663846582531,0.815185711290366
7236,0.9538726541808383,0.06418531944040137,0.5652706271317676,0.9679706300537998,0.03114622388611855,0.9772952139499669
6021,0.9089087987199708,0.25003568565842327,0.6940179985523384,0.9405399014437097,0.8112895878033739,0.9745231139866275
5054,0.8100537832818104,0.299371220460651,0.42707367897946774,0.6704486748459806,0.6474998164018223,0.8998538928941862
3276,0.8538043157759176,0.40566229919321056,0.6011656193139693,0.9701797608890418,0.913383210750528,0.6741528941961074
8758,0.8812886223589741,0.34147449249446576,0.6551756455122139,0.8440846306410513,0.9764648844904931,0.8815700757024867
3715,0.918019329345004,0.2338006231688631,0.6362879226791859,0.8458622594098931,0.9370665190757589,0.7943406655040508
6224,0.6720613251385812,0.4965940948758163,0.6812256772673988,0.9624181149824991,0.7878252258165052,0.962501152248074
8464,0.7923064594139708,0.37683553008634135,0.5279344449650998,0.9542130914147057,0.28322404659066275,0.9255481544222642
7596,0.8762182569670443,0.2013382785479669,0.735458256716695,0.7860597671018256,0.7040434684856604,0.9194724393693086
4905,0.8774342189816363,0.2275230608015055,0.2585445245303291,0.7911632377613148,0.8230383735662773,0.8486038004481655
10442,0.5525452688351993,0.30035569246310684,0.7003961669767952,0.9172148502986558,0.8476891413788098,0.8064918937868143
9763,0.7664527700134162,0.4778263549337499,0.6831304427200776,0.9589386757072658,0.8949143009053412,0.9056274300616524
11355,0.8792675468032091,0.2410345789979733,0.6524270146702548,0.8080863871476046,0.8410048622913636,0.9539402095367384
1392,0.9684555155358796,0.039863077689348006,0.10041315686636004,0.9603551141489184,0.2809760585592383,0.8067678380694003
7030,0.9204667262402163,0.028947508704907685,0.4454716459229849,0.7992593262724439,0.18161112446859887,0.9521777948956546
938,0.7776792699643761,0.3368539568101559,0.7025691523518717,0.9794264213473564,0.2881639317793379,0.9481786385268492
1533,0.8505369406538735,0.16949070257856674,0.37041439228091244,0.6063433525542525,0.6613815402921308,0.8828023035237961
9365,0.875490483067113,0.293129341090301,0.6987362843214294,0.8882761561354884,0.8968559997094646,0.7061226490591181
1224,0.8935711865922428,0.1619083073839246,0.617580765770003,0.6912572821064852,0.6438775595341569,0.9478952241888305
168,0.9114592301867509,0.0881398170556192,0.7086121793196524,0.8491501209202138,0.2811145401983512,0.960438471722352
11568,0.8418288128977793,0.3293499045519168,0.27871901718595926,0.9671820883042793,0.3262633427813345,0.9614479954610196
10080,0.8725653323261513,0.20071999178332017,0.517200546057526,0.8093283890057401,0.07599557909193319,0.9869993731474336
3477,0.6842913910679231,0.5507229139420678,0.37382083060901033,0.9828182429789372,0.4585126970985321,0.9415029530370147
3180,0.9039950314186171,0.005465929648968053,0.1275088974916081,0.6997069574507517,0.2380879550903293,0.8300479228259381
10158,0.9464573439604891,0.19892587434548423,0.6315856808980899,0.8660736627031328,0.8871989452204868,0.9107601935353907
7686,0.8834857841129903,0.31474488379196824,0.5232840943779223,0.7760835525319022,0.746657825782156,0.9943931503068214
6650,0.7259800971572178,0.5344580919729034,0.40716379257700713,0.9362723508608057,0.8240399275882344,0.7921438406610719
9551,0.8294200327540487,0.2754892353989984,0.38089888237978653,0.8422500933949707,0.22650953666335788,0.9229664464632871
8132,0.8629643932942024,0.27615255531175587,0.736702099148562,0.91616272774718,0.635373846489208,0.9818740500371393
7851,0.9416157213484257,0.10523451708799453,0.38788899580028546,0.8874216681844586,0.6726375809098585,0.6961181313746343
5766,0.7152890239386287,0.1629735671461712,0.9133433127858889,0.9728174714629919,0.5748642325846137,0.972063236409391
9562,0.9810672069672175,0.10453516811298863,0.594232806500353,0.8515271036322638,0.9448973232023032,0.8275327879795866
978,0.6404866730789699,0.5450080434240202,0.5903418181362284,0.9280647760425476,0.9593420705643471,0.6943030076450958
10189,0.8081888840734051,0.2953170385405709,0.6965896867213033,0.7636676390263581,0.8308517115044738,0.9644466043414839
12141,0.5456278907197643,0.4604675228385169,0.6025675043882956,0.9920765764597879,0.9294090110850773,0.9063062957273113
3765,0.7377909648089891,0.38556882262731146,0.6646510723756616,0.7616551405866765,0.8606260050154689,0.9480484970982078
2764,0.6345468618742999,0.5175823008531123,0.5545685127224825,0.7720588061083916,0.9324747945691235,0.7716334943558569
6742,0.997742803978206,0.016881096213828176,0.08208523753388199,0.8769304256752746,0.3891813499202804,0.9608529179142481
11840,0.8605231917261181,0.2977651044858909,0.701274078848056,0.9767091390802389,0.6592886422915902,0.7380629520990976
4608,0.9190027749256271,0.0386029345779958,0.28796628272825986,0.9901008101246903,0.027028824100024208,0.7136228388466191
11054,0.803006930300991,0.35764886877242097,0.6068898404728,0.6906066768250538,0.7481470570444569,0.8395254221003384
2515,0.8424978539518789,0.33319360836986406,0.6612417860872742,0.731370593928461,0.8699523493387354,0.9107376055889278
8203,0.7657393766487546,0.3967344391958009,0.71585003217974,0.7677613770926074,0.9468455764104574,0.7791804165169641
11031,0.8797763497953093,0.14370950282525702,0.22128091963341093,0.7586744181961192,0.5963429415575311,0.7793711838130537
4796,0.8015857720868357,0.25622239844994077,0.6671836376208968,0.6835993810783105,0.8986135672543089,0.8891631699058604
11251,0.900083545710216,0.08201894307049626,0.5465491348807866,0.7933713783431686,0.3737240676998929,0.9213735855716046
940,0.529533828138002,0.43735564496621393,0.5914045391917375,0.935279366892104,0.5561168012620438,0.9562101390379673
3394,0.860898080019531,0.1980342227768165,0.3675136106105923,0.6710916133661105,0.888054554922984,0.8029297783275156
6426,0.6941696550118318,0.5518632830286818,0.38846279949963697,0.8744267730672624,0.6498925136410373,0.9669577600812378
4336,0.9555141569889218,0.08987792768590668,0.08024361519625291,0.9529395206498675,0.5912144642204729,0.8374439672325388
1388,0.7444468207112745,0.47096680173290373,0.673683489618443,0.9650312008113305,0.789803206916609,0.7461504135898317
2520,0.8499390792227006,0.24753732340906165,0.3602826730476954,0.7177039978012557,0.8250072989376757,0.8240848208504172
2901,0.8889015077414208,0.14206933712043995,0.6005326833617276,0.6084283694757001,0.8249683997976079,0.888098381088961
9019,0.9195987127617278,0.1511730927379456,0.3581668289517568,0.9166235095178558,0.1986089921373701,0.9016902668029648
8939,0.9332971620467106,0.02917667141838884,0.5295738391128999,0.9991250385008451,0.17530399892189752,0.7527744532643691
11621,0.9159171709334668,0.14684243556888865,0.3184871011399856,0.9310351432193442,0.13027766042919667,0.8869542328896672
1641,0.8134354838946644,0.32764557309417847,0.5556484238246604,0.8227602600497814,0.501639342937377,0.9486552792308448
5291,0.8464775941071815,0.30177987379053134,0.41114657644344793,0.8967262953632325,0.9659937424726316,0.5745821291007192
6332,0.6376752407631542,0.2166608195964716,0.7556157832014863,0.7460794909723051,0.9046288740774948,0.8913731119367684
8130,0.9565156586958433,0.06445893630727893,0.2615910393635571,0.8437397031857495,0.46378450628999596,0.8923549986270104
845,0.7847486706943998,0.41880936359956095,0.3992929440385117,0.7961490769966149,0.5652971004787196,0.9948462484335093
3214,0.9078212103831504,0.10006065553174484,0.45017862124343716,0.8576272363683553,0.4039183990755232,0.8457190769217545
5238,0.7870749168520523,0.34396301863826406,0.7986465990790202,0.8947057739663301,0.8922373797118026,0.8387672558453848
1913,0.8395429283115385,0.21389686015533438,0.7850838118368426,0.8741446350402273,0.4808758346754284,0.9792568178555395
6393,0.7120301446092319,0.39919419499398834,0.5380864556234343,0.5381238463535919,0.8684491245589712,0.9897920723153549
7213,0.8980942669203292,0.10487152378847835,0.783956370761463,0.9285750131216735,0.6134692725521118,0.9475761588862841
9974,0.9411155008429367,0.08432747960750585,0.378642615979219,0.9149927624991266,0.8334405544121638,0.6975866070980955
7051,0.8787257317928963,0.2895656792996324,0.5952849749454755,0.9803758409881534,0.2845564575026637,0.9995141602761478
2417,0.8294775832280145,0.31558622856985197,0.6662226822174042,0.8416467057396205,0.7583342945453325,0.9278461393559361
2220,0.9226456257156265,0.054750782627228746,0.05595549170928898,0.86922236629462,0.45170730463596936,0.7164259499287904
9526,0.7570559034996409,0.4413759273899635,0.4395382038978246,0.6715364903801169,0.6265750392959972,0.9432587071633922
1692,0.6201977493326797,0.36383402208032983,0.705181146708748,0.9423832323689674,0.9921427970201223,0.7153277513472737
115,0.8890221540474378,0.07708311143590339,0.822822617441873,0.8847413254897337,0.7755978169059956,0.8723654144060957
145,0.6056113591973956,0.4478462933031411,0.6431114660676309,0.8134874896139963,0.7787847153987312,0.9110196507509667
1191,0.5246016248787397,0.40368768687097495,0.6139001593449294,0.9058035921913553,0.6556926128763803,0.9457691158892386
11689,0.9495756020948221,0.10459443686268294,0.5602077729214952,0.7024446672082962,0.9895285016777472,0.8437540754194764
10069,0.9441250209262563,0.11108010763682062,0.9136604131640336,0.9627521607123058,0.8313585432480555,0.870739282224158
8199,0.5393445907847145,0.09775571100348258,0.8443298413536466,0.9783285906694015,0.730150129471859,0.9458194196447028
4694,0.925599111993491,0.1260218665101467,0.8136748214590682,0.8637004549328763,0.8810775582575646,0.7282798627857293
7434,0.9067362495844684,0.20616780312107275,0.7126350062047894,0.852416773457422,0.9705234063330421,0.6208667615828021
4166,0.8468601133954905,0.34589376473768657,0.33780523578335797,0.8597626747882582,0.7971739655947264,0.9223939411391593
8362,0.5942919605323433,0.5971876200728917,0.41887015070839223,0.9540308256884017,0.9185882247138595,0.8758923600086558
376,0.7007436141258128,0.33403033084436057,0.7003713050101398,0.9003308900696547,0.6574602962795799,0.7921351660248506
858,0.8054492770033188,0.44978353275768457,0.30544135202339445,0.992638918059445,0.6198825596698758,0.8465367372077955
813,0.7351957333734712,0.13715669247161008,0.8012063546858491,0.6884315358948481,0.9298585802773482,0.9465857463244577
3851,0.7111397025569871,0.34751500934022744,0.6457282992439339,0.5532760080003616,0.919864169576321,0.9488503598766627
8202,0.8967034877639773,0.07054691615457483,0.4900812400822528,0.7400288243555088,0.35758045883128536,0.9441221815608187
4486,0.7693520876917765,0.470456294691447,0.3402376406342767,0.8836158722951554,0.6489884800958371,0.8799665093866786
9747,0.7755568618714014,0.5308860568166517,0.6321639156013271,0.9850005044088433,0.8533040436191639,0.9125342409591483
4359,0.5684554435472554,0.4317425629257668,0.5867339835543444,0.8079053007687507,0.7410263846439166,0.9461689507478346
12428,0.7993402621582015,0.20146907704840872,0.725397068571115,0.702788370668299,0.8429622050476977,0.9316535302454665
2523,0.8369259564801629,0.3146668919278078,0.2938240968117692,0.8204293008788923,0.7260736197246523,0.7993328835203843
482,0.8643460973638318,0.26241782367386,0.2485130098850127,0.9116172816213114,0.7702612862307637,0.6886417796422257
5028,0.7821229537536531,0.5057871254760321,0.6059093985408023,0.8606782130213335,0.973869493181561,0.7226772691416611
10637,0.9378608283949385,0.0036045905010526976,0.49296010083404185,0.8598733754303841,0.38532243068499755,0.797029022858613
7646,0.9314814515336305,0.11581816837085591,0.5577386059199014,0.8905638172532659,0.7002859360700235,0.8529957188389797
8189,0.9632602139599555,0.019682687431968937,0.245820109351454,0.9166365168363096,0.894906659109138,0.6199132814241483
11989,0.920439215693839,0.1296173397469309,0.08461479439218894,0.9978961244283011,0.29599369155167665,0.7714937651554581
2956,0.9438159038000061,0.025539438826726983,0.19439200403307122,0.5905022705045283,0.989256878976519,0.9622060908327278
10219,0.8080801431888797,0.451407103363259,0.4004366809859077,0.9374282963791617,0.3750970863146308,0.9444411048080532
5499,0.8428032635383752,0.3968644657725452,0.5832507846993437,0.9274253151355146,0.6469381762704876,0.8264288645148915
442,0.7541329577133009,0.39679625149112485,0.6323354481666527,0.9093622108714458,0.5031958624465042,0.9577309442692798
7343,0.8474269213239034,0.24461072560485222,0.7704301882009632,0.7459233739709965,0.9501917639535832,0.7960612513277253
4849,0.7071091485701263,0.10869216466430803,0.9038638594262874,0.8896301201086088,0.9327743390313235,0.9319102764368022
11518,0.7530958147020631,0.444122324317114,0.634048868708289,0.7209775372162689,0.7570878259100903,0.9287769190196511
883,0.8473492189705145,0.19839233590160135,0.36186528007853697,0.5770485363587827,0.7116334568259484,0.9031319628820453
6794,0.7622859959152697,0.41343142997989857,0.6989644810809489,0.8621732945955373,0.6260603996941965,0.9773263345772626
6050,0.7553354625798976,0.22986863189995865,0.8100579815668457,0.8292453658179962,0.9009906043234152,0.9475281890701766
8454,0.7220773538738802,0.5912790618469681,0.3838291624546163,0.9946631862868743,0.9731752760158736,0.725488990970424
5539,0.5432375511400519,0.13034589328295343,0.8224981688881486,0.929972754305883,0.8340574812797248,0.9399249019611983
10804,0.7327470925334031,0.34635802462327747,0.7126463020440671,0.9906897401591631,0.5113852258065698,0.9031853319344583
2564,0.8296711911364029,0.34325517521081195,0.3342982134442547,0.7749864985495717,0.7362836167138086,0.9591328903425458
2574,0.9236784236495894,0.10201017624955766,0.32580352676492047,0.6865794392365794,0.5142699950096179,0.9940829342701195
3467,0.7809255194864863,0.42709193605030543,0.4954027977945585,0.7224730617811782,0.5088029661421505,0.9423789422403469
4520,0.6421701568676704,0.3999769793292583,0.7399897663163117,0.9023866756450403,0.7830352304671934,0.9252250208257216
1651,0.9441297408942617,0.010185886034077158,0.359661723905665,0.516687233089059,0.911496578718312,0.949219632279519
5477,0.7542215893422825,0.4811037545404023,0.45785643046858,0.9762945583388648,0.904799588641167,0.613017955955927
3829,0.9582274947586331,0.0041047253883235634,0.5981802022890738,0.7422954866493642,0.9019453059661482,0.8747775933666124
5459,0.8055738118531275,0.37602599679130017,0.3045144079793162,0.7971296847772249,0.404215781527905,0.9952854934461162
2238,0.9176661804664584,0.14538708812719522,0.1327183308056895,0.9359732223191897,0.588684265410774,0.8478421880506275
3220,0.8931095070074361,0.06654299009021539,0.31655996667967884,0.5621560597096621,0.6678975369831862,0.9903860667699865
12384,0.939785873532785,0.22627402665260013,0.7610293239411853,0.95677543894757,0.9261285151805463,0.8354306216852513
4656,0.9192686298001417,0.1621017408677022,0.7362645516503562,0.8192661198683803,0.7648022137335571,0.8903021150594768
12132,0.8358016879164735,0.3036697812414349,0.8160293646793214,0.9823075642930299,0.8004879400697779,0.8390114405647398
3792,0.750700564108321,0.30266598364304126,0.6936179497191771,0.8552319235455031,0.4471087757343627,0.9867779963959916
9827,0.9721190237102825,0.023644902149129496,0.013835626229296807,0.969888177756224,0.42195192851988383,0.7139739307877854
2670,0.9421776648864726,0.14066710740052502,0.3640351483181933,0.8981593445967614,0.4527448341815205,0.9107094643628427
6906,0.7894577878960009,0.2415386367489571,0.6868117469458735,0.8508573383703512,0.3367754378296899,0.967726854530939
7052,0.6800214884783867,0.5207759233972941,0.5890380426223822,0.9815572125276225,0.4467014006597452,0.9283851263740833
11374,0.9641292802211695,0.09658849326601991,0.6630718482785171,0.8412608812450085,0.9517847867065536,0.6818772922689998
11615,0.877096300818558,0.2730212273541904,0.4475611912060549,0.9111269265168093,0.380684294054833,0.8224256101426561
339,0.8361581750852812,0.39677939639212767,0.5879454544860835,0.8167642046688967,0.7585003111209694,0.8487914112354431
1697,0.8530811659824322,0.2765180636383269,0.6318835395429974,0.9244585118748948,0.6033545725400697,0.8777064112856003
7299,0.8082292562223952,0.0919539119869175,0.9249368083910519,0.9573356608292137,0.8078296187560656,0.9635815839785214
10346,0.7653288507964054,0.05191228295647721,0.9966264098951096,0.9932452844849707,0.968571782330395,0.8864551989009286
6485,0.4875469819694655,0.39064926452504034,0.6046702228322995,0.9802567017178883,0.6364077706289719,0.9225932041064961
11524,0.8751532758229997,0.3025523153561931,0.24762349170873516,0.9999026634272569,0.6582361981082386,0.9022512940358199
2367,0.6970403178257634,0.5599031847763795,0.4613493838854024,0.9348134877669028,0.7580074704546751,0.9941023030282108
11051,0.9296449245673503,0.14620537797960792,0.07006213824355982,0.9740683436537979,0.5834333969477952,0.8372240091546134
4841,0.9723751804208063,0.0717317745483036,0.12377387983711044,0.8543867266378865,0.554138292640562,0.9675081256212683
4307,0.8877160026317454,0.3294646376836176,0.8029927146967412,0.9664683846610955,0.9795880705513064,0.9841257711782133
10949,0.8113879045491882,0.31522965654193336,0.44595069605790005,0.829879001424636,0.24191729064428474,0.9854669604552676
2559,0.8301074090673177,0.28465458822796297,0.22377899828086004,0.869915472033344,0.17883883308896587,0.9300166532628698
6524,0.7622239644302734,0.435944635404884,0.5920504659719695,0.9767836198980013,0.644018391501491,0.8369046337272216
11138,0.8189086613585886,0.30770666983032224,0.7814460628651061,0.9889501202948929,0.5845866379542015,0.9187447314522816
5206,0.9065824320190429,0.19522707903838227,0.09780884652411084,0.9780727094028311,0.4689770263750084,0.9147410444792231
8981,0.9079761841145423,0.14919099027186508,0.7441722202452915,0.9979128406888966,0.33687239714178485,0.8477843965493965
5011,0.5982101696585121,0.5531017311406085,0.5128731759784174,0.9399339143960727,0.9747206108490641,0.901802810492501
981,0.8094529513894366,0.36494127582295216,0.535216647667653,0.9795883199096082,0.2888431738896732,0.9752718715824372
5448,0.9674181798097845,0.10382427574514314,0.2300674432883269,0.9874682140289733,0.7031118024816279,0.7377243867730288
1772,0.6208374146294331,0.6023950954312453,0.35822654296446726,0.9861824083496116,0.6758040806557863,0.9616171320063416
6031,0.7823065414945672,0.41683013555105597,0.37761665940503436,0.9531086375859154,0.41677006407425843,0.8495787188642596
795,0.8616361503527229,0.031099471247816424,0.26534207155332795,0.5424115652735413,0.09092053712995747,0.9538178304653884
11359,0.7303623730939285,0.4880201917836612,0.6054535118827548,0.987437561376271,0.3777055864068265,0.9307681738417342
8500,0.968714431779758,0.14682506736338677,0.36264627383351505,0.8800924629102418,0.7211835278701293,0.9903763188970163
9023,0.5545878356073609,0.118255150054826,0.8344819734823634,0.903982084530165,0.9086635770217297,0.9248472241677633
3925,0.6848607460631603,0.3791191543396775,0.7185866046966187,0.9157471933902173,0.9258217270783325,0.8191746861675486
140,0.9578072202351857,0.08638704201335665,0.4312434346941581,0.7157573142524561,0.9217935970916491,0.8679902390315899
6968,0.8240472417858021,0.46989436404051804,0.42467152008489517,0.9792583509981865,0.6151080977632893,0.8733792552567708
1195,0.9268641815444303,0.03512616430430965,0.05879965017185172,0.6893807181628976,0.3028462177520971,0.9996212688690485
11887,0.9356071293254379,0.18854777387568672,0.783792044490929,0.8569064141705108,0.9126860124985978,0.9301961466776263
1005,0.8285272136169071,0.2548750027766102,0.7215312913771428,0.7668906262485854,0.5907481933146818,0.9013721654402648
2977,0.9368280243014993,0.08718313350417571,0.2602407988946536,0.9371030170528337,0.913538452889894,0.6228427418065284
8626,0.8956588508996602,0.09098381913570774,0.8824674192289764,0.9342824858970943,0.9682307918096682,0.8637495288224746
9824,0.6573979493177342,0.4668257853387531,0.6366283504634533,0.6934188975298297,0.9914358183799747,0.8587189709398416
9638,0.6440133961523419,0.5561821506483038,0.4217352513328207,0.8000851668578467,0.6234305968040789,0.9862896296058251
7381,0.8361793975632942,0.3036762643438405,0.3713073658739602,0.7003358316601999,0.7842921996218155,0.9861788717043307
2983,0.8966179733899278,0.028729820210061152,0.9678476512136722,0.9870790122008161,0.8521654192321746,0.983412175325709
7357,0.8952402743197218,0.058784266827210205,0.03996237758054005,0.7924874134707602,0.2731115965352699,0.7936652028676029
12426,0.8216735394429345,0.07787205273290757,0.8630896526047449,0.8596483094820344,0.7668384756772842,0.8946503885004725
9512,0.8572196846949901,0.1620863919573827,0.9118203903432454,0.932797358940935,0.6860947104863315,0.9769648575020119
2459,0.9252784697596087,0.27487468649782787,0.6088874443037854,0.9547610705983539,0.6735775691738657,0.9846667302570069
3021,0.9304429439245906,0.24718048833232115,0.6955687004203758,0.9314329119796881,0.7701233600139076,0.9741759207049808
4616,0.9627963305366484,0.1405073684405181,0.5254023014084603,0.98625543038668,0.8435582916836857,0.6309683076528281
10408,0.8508689009150163,0.2588151757888956,0.7042683030902451,0.9674577412846115,0.6089941323853257,0.8942935970730275
12315,0.8494704666469648,0.20434018741457735,0.33913321228859244,0.6131601269252825,0.9755933229369887,0.7790061669338805
10475,0.7858580004939508,0.4326483975786632,0.7002820183321711,0.8958091105221,0.8127423757260728,0.8235979490186154
6854,0.8776892350404543,0.2048432578672025,0.37412796199215875,0.7386671561838645,0.4578722068383147,0.882927658210053
7539,0.9472215529411945,0.019166685525054038,0.576423537609391,0.7004339369472061,0.9963202846921724,0.8654005733235213
4621,0.7837123765300251,0.3852687156053085,0.4951486897596697,0.7159254257056541,0.794094800170994,0.9180617380386206
2360,0.6093810742562523,0.46527027249320585,0.6857949972745748,0.9404185895992581,0.8157878898943084,0.9368621036786521
1419,0.9910074937825498,0.049701821456484156,0.1798549659480917,0.8329508784038557,0.7449104015334702,0.930056364909818
6798,0.6558304334973308,0.5705298229527138,0.4019627000704817,0.9003450977855771,0.8650637625544942,0.7942372173121691
9780,0.8686135529857678,0.2702774147213927,0.22840796216996223,0.9944370582679425,0.31997861244462633,0.9647726203769379
12265,0.7556350861806163,0.3849086128949916,0.6178053680199109,0.5680468089017532,0.9419337220908635,0.9305070528172456
10122,0.9720357835722623,0.01873465694091112,0.03162423927468496,0.7401330737619508,0.6673689797749328,0.9039435705248567
10418,0.8525778528095783,0.2787399913108967,0.34292898080362455,0.7724830896422836,0.5055457377501053,0.8676262738208929
12536,0.9113519357750578,0.04157073787060476,0.28070971203072864,0.6675003168646244,0.44106065759655394,0.9982779812709035
4778,0.7558383877775344,0.5200407187861891,0.37553070468495214,0.9583335960970594,0.462413343676792,0.8828556200688026
2261,0.8684419684850048,0.1350431689248377,0.2376102265179679,0.7752030132872186,0.27310177200232116,0.8838407070917905
3931,0.6374079426664977,0.3959108377578513,0.6154754704773138,0.7217439769899249,0.968173816493235,0.7807894676164921
11696,0.8256964187479684,0.18921629337557178,0.764325598505873,0.8119434820815332,0.9696383172361264,0.7295202785073978
4438,0.5204420455342587,0.5146755796898447,0.5234605240125645,0.9945914827348799,0.63068704878774,0.917837337062386
6680,0.9545630830197137,0.052312534496465155,0.41699199624876704,0.7632862218040187,0.9035656826823778,0.9182410489396622
10395,0.7757155922384367,0.26516255814890405,0.7645539409900773,0.7706871635786591,0.9516604691940406,0.9613344313273386
6833,0.7659960227976239,0.4988786959115275,0.38970700305723116,0.8286144072232065,0.8372046498522079,0.9953987510339514
3280,0.7399912282258571,0.27568476342200704,0.6103179494936186,0.58428633371748,0.8014600496927092,0.9391893314931385
4211,0.6064314758128702,0.22336066922899736,0.7485660423211091,0.9125841058648025,0.6214506521755878,0.8702134113531192
11424,0.9227757493194341,0.061568438491827124,0.43502128399235396,0.8147044033590827,0.7447888473252725,0.7252439681415715
8149,0.7932090518701322,0.1791585274109132,0.8640392006991174,0.7677451878323154,0.8534028214843239,0.8495836543857102
2074,0.8709644561901386,0.00032915212944019623,0.24707074099864196,0.521096352781978,0.12365257011204354,0.9675809749083013
2353,0.9491713939030615,0.10898459336899219,0.4794811998701874,0.7491160980738707,0.6156290624269397,0.9917276315712504
6328,0.8524653523563894,0.21970109681220712,0.2817125076914419,0.7144816158742732,0.5019992291461867,0.9989988680428409
6671,0.929665929791357,0.0462635655628943,0.38043365370417725,0.9039155673578047,0.3365339103992254,0.813474430925371
5626,0.9617785149469564,0.10454810593106857,0.29503792282343194,0.9311431800599717,0.7434921234143969,0.7436719417541716
12030,0.9794933132545373,0.13733418660759478,0.20594166295993857,0.912221607091229,0.9591593708055716,0.9132656174604971
9432,0.851848759802661,0.37965492756296637,0.32236845510658535,0.7611893082730762,0.9688075037381204,0.9671830152130979
1965,0.8377157804947003,0.2507830184738668,0.2315722365915369,0.8465890673094792,0.3404608603011848,0.8567641012360129
959,0.7456311195201601,0.43500601244329284,0.4055825729138317,0.745324973555029,0.6468600162776578,0.854025393096828
10404,0.9385725664654762,0.05963060249281065,0.815944198243507,0.8447022331487125,0.5701432837382668,0.934363849871656
4757,0.9153923533772609,0.048533753284159174,0.41437894870508823,0.8089429538216338,0.6122446645706408,0.7202906235720435
11784,0.9216982259463089,0.10437742402679459,0.7204329826948961,0.7494583694994552,0.7614381747839558,0.8300536083544523
5859,0.7931273783033368,0.33876919908306163,0.5504602628635542,0.9649730879355914,0.2233716620266885,0.884117840278231
5334,0.7593016949656314,0.4222561064216172,0.6144685273426206,0.6896898637337416,0.6603294974955712,0.953396577800971
6582,0.9259862944157934,0.1219267059300456,0.684774711701255,0.8857453935684915,0.3337435410257396,0.970470414559211
11067,0.8734613082805518,0.33924365464467915,0.22295134861290472,0.9702763469136548,0.9624716876998884,0.8820871439663006
560,0.8225322891974317,0.4048807214843555,0.650811751918615,0.8989132431540223,0.8264978980426886,0.6741699754446244
5077,0.9335983283865024,0.21034734097655408,0.5490891396465161,0.8238292458804173,0.8769408197583376,0.8594385910103503
6757,0.6001352752696354,0.5718800633806986,0.46124011067960474,0.8533069230596346,0.7399625156463491,0.9297798787988802
301,0.8302125698725683,0.14465815163035894,0.794131280999144,0.7832360278739017,0.8964471770793748,0.8943759557988442
362,0.802174331467236,0.4216072519572969,0.49918544780985985,0.7355274497197622,0.658259734849323,0.8768045136734826
6038,0.8429166808949949,0.30377349038590734,0.20509186666355664,0.9943819340735295,0.4273470484765623,0.7968812540779268
7802,0.8412002182750649,0.28814551237149255,0.34418275833682294,0.81197730686125,0.48817496527966264,0.9747002474413189
2514,0.8430177109434492,0.20064952130526104,0.16597688983556821,0.8942124454445999,0.1718124071224032,0.755271513906758
5722,0.8887197259774838,0.14275832981160888,0.2413735388080798,0.7977132907239387,0.42766480763767545,0.7683291557764719
98,0.8569122942696966,0.4662986637152791,0.6519165551833017,0.9830326375774278,0.9485213906855661,0.9272450746938546
5779,0.866260846067381,0.11054099798926512,0.03102876469180583,0.8952680489328217,0.027764649773124764,0.7201554680015346
9160,0.7663345116197178,0.08689823147830927,0.8479919853776111,0.7840616929192753,0.8966155494131186,0.8235107725595108
7772,0.5483434685911086,0.44663031081458543,0.5649504203842458,0.9848575141973243,0.5486166493681297,0.9643819820864011
7638,0.8851072898574692,0.15468630697586147,0.24892750943702946,0.6678187227526674,0.6879481256692048,0.8871770683843475
6272,0.5612422478475009,0.3138236456317893,0.6796867764146842,0.9598089691828185,0.6051710364558125,0.9068569760857131
7883,0.9098294362070755,0.046188623052062776,0.12570867448341194,0.7033598088880124,0.36042045120597693,0.9903889486586652
5578,0.8681239336118729,0.03601951151720872,0.2252896967486023,0.6350152883861282,0.24108578336748387,0.8208264518075614
10434,0.711219615176734,0.1542867357884833,0.8216793325280269,0.8533134019861947,0.7749001083983518,0.8505751728952179
2719,0.8645573603160231,0.12603147638696854,0.7326355960197523,0.7971514197494158,0.8623236134488581,0.7755062238168996
6464,0.5198358629503833,0.4115161829130968,0.6497690245551541,0.9645712910590529,0.9127156224931494,0.811452354296567
11088,0.6430978924165225,0.6035263412424736,0.4847726314288603,0.7930346259625384,0.9617391207023995,0.9435551350097637
7845,0.6383184887294593,0.19645714304169204,0.8075271310180895,0.9718054031820199,0.659510255951304,0.9249972714974981
2484,0.9164413403987703,0.12723134297676408,0.4188809072543585,0.8929194924941768,0.4068136374777147,0.9532757883437827
3784,0.910800792895566,0.08265026763549982,0.42242762301356596,0.757902634448981,0.6811448219697149,0.8444031992371218
7548,0.8651982061456827,0.15465790476622374,0.40053031877395506,0.5463835135929421,0.5450585150068917,0.9888873130825004
51,0.7657986347949135,0.17766989246551285,0.844671601972408,0.9497422083343053,0.7396211008743948,0.8922707142149296
3540,0.7064033534164267,0.5191222819151954,0.40836671149162124,0.8999068079615199,0.6573739916819176,0.8612144502785883
4695,0.630927748480743,0.6125923815104193,0.4967987553331207,0.8743758490864743,0.9684163956349939,0.8850549964475722
2056,0.6183073976000039,0.45356151020770635,0.5997679636505219,0.6810105066975388,0.8381139996518442,0.9664555954923596
413,0.9579174927667978,0.055784893940687835,0.6584060806113351,0.8729837413572239,0.5214269809415453,0.7786516491224068
11432,0.8563878337210235,0.18837016441647578,0.5660509036264888,0.6841434294060363,0.939765185713421,0.806868186516253
4004,0.7792643781092475,0.042844886232259946,0.8676115047254969,0.725386867961826,0.9597823934352876,0.9097089282308531
12264,0.9466977667613529,0.016351797501393622,0.3426694877025335,0.9145565403401119,0.36915435633500177,0.8091236998649904
8110,0.9280991566701006,0.0881760433187354,0.2365542947756281,0.6824308645990851,0.5329989529226439,0.9989561634288349
8383,0.9212154197818552,0.13724036270965148,0.10219897192673502,0.907618849228186,0.5793126055433334,0.925013820227776
5688,0.9359973654943241,0.048719379414112134,0.14262516980347742,0.920857193225035,0.6092028770783381,0.6880219395431046
718,0.8103191923310835,0.4032531878273176,0.5611012970555246,0.6816804252006113,0.8803934414978527,0.828774434672769
12273,0.8586768990317671,0.028450885764128294,0.2553626803697265,0.5241693157499806,0.15517009195033357,0.9478303165912766
3499,0.7382259225980333,0.3265550178407943,0.5897777297385475,0.5948735366348976,0.9828889791269959,0.8584293413565277
4420,0.8047137747207314,0.4001817949861614,0.5878656691433245,0.8271213074476259,0.8114930797829185,0.9687864314632707
10445,0.9495125022354586,0.07808867421504542,0.3869050451090203,0.9618842378631524,0.6532190845909768,0.7913938351071327
9385,0.8570043984523495,0.12483649527667794,0.11559837954101015,0.7088249804917124,0.09566325958941746,0.9662895684857045
9392,0.9680415351691541,0.015536306700898218,0.6945596390757094,0.7862128602936106,0.9149790965916474,0.982165502609317
11450,0.9708854010668537,0.13290061537402648,0.19401818853393335,0.88646704246397,0.7301198167981172,0.9948037723086744
7454,0.8512060537960074,0.23949211710125368,0.8815254211969953,0.9351887263685015,0.861435714086583,0.8632482771278666
2739,0.9019999460813547,0.2372017604097412,0.6917916139132385,0.8898092995978395,0.7694955190791848,0.7510900883832713
7931,0.7513780450490033,0.5459978986677683,0.4115686652089292,0.956704257312802,0.9972191128134889,0.8644826986279309
11269,0.8033781276269948,0.22649623673794092,0.8423333142556522,0.7431717870470629,0.9201783846635414,0.9028318917087769
9082,0.8416829626049627,0.14961646835330644,0.8380993575561405,0.6951331810365983,0.9274754505034882,0.8626208705314367
3011,0.9133718216586618,0.1465722639485241,0.4044355794978929,0.6502540039039155,0.8673475802784039,0.8752219697079462
7315,0.7972505417292308,0.45718545170890645,0.3029535817108483,0.952149809352782,0.5627032817143178,0.8694517108148699
9858,0.8404061870865869,0.23366592273634526,0.6197174030145723,0.8899215992440832,0.6405146894503148,0.7095012272790389
7005,0.7431973053211182,0.13314427894933914,0.9233632407823037,0.9564325008557435,0.974499563011905,0.9445997163692377
1320,0.5810100106790416,0.5166329570736309,0.47432066543669504,0.87609763270278,0.6383682645267053,0.9031811079559637
690,0.7997232617997871,0.29949280420674623,0.5980799509824816,0.925362978094722,0.2526726157763926,0.9112387433921676
9543,0.9032258076530513,0.3173969422988048,0.41068662679708756,0.9819421977063607,0.8591571092512059,0.7494315240724775
6083,0.8839052694093528,0.20759580161793645,0.20199000249490226,0.7777292225968555,0.826914880795968,0.8260866077328036
2164,0.707771486376521,0.3196792552744647,0.6415437273311179,0.6802742743856381,0.84575359285044,0.8418554883343418
9444,0.855305689463926,0.10923678115907447,0.19596177321810584,0.7065049711815219,0.24892400221743233,0.8384984503969821
7764,0.8867286244863101,0.26834913405710337,0.4191249245297881,0.7601208980147106,0.8522657342167855,0.8199751145923301
1106,0.7657012499809319,0.4745128665857249,0.5892001895356189,0.7133026933708475,0.8062632918728122,0.9002082939472545
5906,0.8738381463071861,0.22788948236054857,0.2118538126213582,0.7297032942425348,0.9115501068022906,0.9647407900077877
10333,0.908418094173013,0.0038477796810514613,0.5021596718923453,0.7579691810733072,0.37205628207628355,0.8221471968842555
8970,0.9021179869903968,0.030704066540011305,0.20100203798074154,0.6995119391794707,0.20507183519581465,0.7905221620719688
541,0.6732502174188396,0.511580883056412,0.5867778829447102,0.9223765665018879,0.8924180757445264,0.9294970869520273
12186,0.9407501894777437,0.04811096950205786,0.1622063746481006,0.9378596721843685,0.01998532613363713,0.7909699968928486
11665,0.8479535737129588,0.1087125324946421,0.5208755933692151,0.7851221716413314,0.004879951984513907,0.9118082241263602
11721,0.7438034055337501,0.517065800409082,0.3431198962012614,0.893255336706409,0.7734307912151527,0.7636900571298756
9573,0.684227485329824,0.3553780885319392,0.5934116190299937,0.6131662849476764,0.8202822297028819,0.9512696336622963
8745,0.8371798473028393,0.2242516874128343,0.190581907229218,0.8476270828262598,0.237566724812319,0.8525594116215915
3741,0.7386303765233208,0.2892218978162079,0.6978462470379112,0.8081734301744464,0.7624145801366066,0.7711381630234881
11910,0.8798043306657827,0.25266578359498676,0.5769134227862356,0.86652810166478,0.6877851391881942,0.984233562838147
2589,0.9057916368536791,0.03614825670426522,0.027644001475221697,0.8835866580280222,0.09608751617567293,0.7521777761122831
6374,0.8862490759607855,0.17586437332299015,0.7775520904098334,0.8024515941291229,0.7332015977739402,0.8458470853137173
2796,0.934539838925291,0.21343000076623825,0.6256394751133633,0.8818332309678604,0.7463026294707916,0.8884598246953983
6199,0.9265245170194116,0.13876380681812944,0.757958823260198,0.9594658039048998,0.4242314944961936,0.9029048492975166
518,0.5821802722498436,0.5301356642204845,0.6336831586559402,0.9906098910302644,0.9542810108758816,0.9064288835707462
8442,0.8767169473335242,0.1389932821134254,0.5614002529265638,0.5419480538814031,0.7000614344892309,0.986271867142161
